"","polling_firm","pollster","firm","sample_size","fieldwork_date","end_date","e_day","days_left","turnout","lead","PSOE","PP","Vox","Unidas Podemos","Cs","ERC–Sobiranistes","Más País","JxCat","PNV","EH Bildu","CUP","CC–NCa","BNG","NA+","PRC","headline","source"
"1","SocioMétrica/El Español","SocioMétrica","El Español",1100,"26–29 May 2021",2021-05-29,2023-12-10,925,"",1.1,25.4,26.5,16.9,9.3,3.1,3.6,4,2.6,1.7,1.2,0.9,0.4,0.5,0.4,0.2,"El PP sobrepasa por primera vez al PSOE justo cuando Sánchez cumple tres años en el Gobierno","https://www.elespanol.com/espana/politica/20210530/pp-sobrepasa-primera-psoe-sanchez-cumple-gobierno/584942067_0.html"
"2","ElectoPanel/Electomanía","ElectoPanel","Electomanía",1272,"23–28 May 2021",2021-05-28,2023-12-10,926,"",2.5,25.4,27.9,16.7,10.7,3,3.5,3.5,2.3,1.7,1.1,0.9,0.5,0.6,0.4,0.3,"ElectoPanel (30M): subida de PP y Vox, que junto a Foro suman 176 escaños","https://electomania.es/ep30my21/"
"3","DYM/Henneo","DYM","Henneo",1008,"21–24 May 2021",2021-05-24,2023-12-10,930,"",3.6,24.5,28.1,16,9.3,3.4,NA,5,NA,NA,NA,NA,NA,NA,NA,NA,"El PP supera por primera vez al PSOE y sumaría mayoría con Vox","https://www.20minutos.es/noticia/4708680/0/pp-supera-primera-vez-psoe-sumaria-mayoria-vox/"
"4","NC Report/La Razón","NC Report","La Razón",1000,"17–22 May 2021",2021-05-22,2023-12-10,932,"64.2",4.2,25.8,30,14.9,9.2,2.9,3.3,3.9,2.3,1.6,1.2,NA,NA,NA,0.4,NA,"El PSOE pierde entre 18 y 20 escaños y baja 2,2 puntos","https://www.larazon.es/espana/20210523/32idgogylngzheveh2msxqwzzq.html"
"5","ElectoPanel/Electomanía","ElectoPanel","Electomanía",1582,"17–22 May 2021",2021-05-22,2023-12-10,932,"",2.1,25.2,27.3,16.4,11,2.9,3.5,3.3,2.4,1.7,1.2,0.9,0.5,0.6,0.4,0.3,"ElectoPanel 22M: caída del PSOE que baja de los 100 escaños. Subida de PP y Vox. Absoluta para la derecha","https://electomania.es/ep22my21/"
"6","Invymark/laSexta","Invymark","laSexta",NA,"17–21 May 2021",2021-05-21,2023-12-10,933,"",0.3,26.9,27.2,18.4,8.2,1.4,NA,4.8,NA,NA,NA,NA,NA,NA,NA,NA,"Barómetro laSexta. El PP repite como primera opción en intención de voto con el 27,2%","https://www.lasexta.com/noticias/nacional/barometro-lasexta-vuelve-ser-segunda-oleada-consecutiva-primera-opcion-intencion-voto-272_2021052360aa4acfcd5e690001ba8f4e.html"
"7","KeyData/Público","KeyData","Público",NA,"20 May 2021",2021-05-20,2023-12-10,934,"68.9",0.8,26.2,27,16.4,10.2,3.5,3.5,3.3,2.2,1.5,1.2,1,0.5,NA,NA,NA,"El PP supera al PSOE aupado por el efecto Ayuso, pero tendría muy difícil formar Gobierno, según las encuestas","https://www.publico.es/politica/encuestas-electorales-pp-supera-psoe-aupado-efecto-ayuso-tendria-dificil-formar-gobierno-encuestas.html"
"8","GAD3/ABC","GAD3","ABC",1202,"12–18 May 2021",2021-05-18,2023-12-10,936,"",5.1,25.4,30.5,13.8,8.3,3.3,3,4.1,2.4,1.8,1.2,1,0.4,0.7,0.4,0.2,"El PP se dispara hasta los 138 escaños y suma mayoría absoluta con Vox","https://www.abc.es/espana/abci-pp-dispara-hasta-138-escanos-y-suma-mayoria-absoluta-202105230219_noticia.html"
"9","Sigma Dos/Antena 3","Sigma Dos","Antena 3",NA,"17 May 2021",2021-05-17,2023-12-10,937,"",4.7,26,30.7,15.7,10,3.1,3,4,2,1.9,NA,NA,NA,NA,NA,NA,"Encuesta elecciones generales: El PP ganaría y Pablo Casado arrebataría la Moncloa a Pedro Sánchez con el apoyo de Vox","https://www.antena3.com/noticias/espana/encuesta-ganaria-elecciones-generales-pablo-casado-arrebataria-moncloa-pedro-sanchez-apoyo-vox_2021051760a1fbe7f0676400010be1ed.html"
"10","ElectoPanel/Electomanía","ElectoPanel","Electomanía",1930,"10–15 May 2021",2021-05-15,2023-12-10,939,"",0.5,26.4,26.9,15.8,10.9,2.9,3.5,2.9,2.4,1.7,1.2,0.9,0.5,0.6,0.4,0.3,"ElectoPanel 16M: el PP, primera fuerza, sorpassa en votos y escaños al PSOE","https://electomania.es/ep16my21/"
"11","Celeste-Tel/Onda Cero","Celeste-Tel","Onda Cero",1100,"10–14 May 2021",2021-05-14,2023-12-10,940,"64.5",2.1,26,28.1,16.2,9.6,2.5,3.2,6,2,1.3,1.1,0.9,0.4,0.6,0.4,0.3,"Estudio electoral de expectiva de voto al Congreso de los Diputados. Ámbito nacional. Mayo de 2021","https://www.celeste-tel.es/wp-content/uploads/2021/05/Bar%C3%B3metro-Electoral-Mensual-Mayo2021.pdf"
"12","CIS","CIS",NA,3814,"4–13 May 2021",2021-05-13,2023-12-10,941,"",4.5,27.9,23.4,13.7,10.4,5.3,3,3.8,1.6,1.1,1.1,0.6,0.3,0.5,0.4,0.2,"Barómetro de mayo 2021 (Estudio nº 3322. Mayo 2021)","http://datos.cis.es/pdf/Es3322marMT_A.pdf"
"13","Simple Lógica","Simple Lógica",NA,1063,"4–12 May 2021",2021-05-12,2023-12-10,942,"65.5",0.2,26,26.2,15.9,8.7,4,NA,NA,NA,NA,NA,NA,NA,NA,NA,NA,"Intención de voto y valoración de líderes políticos (mayo 2021)","https://www.simplelogica.com/es/intencion-de-voto-y-valoracion-de-lideres-politicos-mayo-2021/"
"14","Hamalgama Métrica/OKDiario","Hamalgama Métrica","OKDiario",1000,"10–11 May 2021",2021-05-11,2023-12-10,943,"",1.8,25.5,27.3,17.9,9,2.3,3.1,5.9,2.3,1.6,1.3,0.9,0.5,0.6,0.4,0.2,"El 'ciclón' Ayuso dispara al PP por encima del PSOE y le otorga la mayoría absoluta con Vox","https://okdiario.com/espana/ciclon-ayuso-dispara-pp-encima-del-psoe-otorga-mayoria-absoluta-vox-7221232"
"15","NC Report/La Razón","NC Report","La Razón",1000,"4–8 May 2021",2021-05-08,2023-12-10,946,"64.4",0.8,26.1,26.9,17.1,9.9,2.8,3.4,3.7,2.3,1.5,1.3,NA,NA,NA,0.4,NA,"Encuesta NC REPORT: Primer «sorpasso» de Casado a Sánchez","https://www.larazon.es/espana/20210510/jarm5wjkzvantfw42df5eej67q.html"
"16","Invymark/laSexta","Invymark","laSexta",NA,"5–7 May 2021",2021-05-07,2023-12-10,947,"",0.6,26.7,27.3,18.9,7.9,1.2,NA,4.4,NA,NA,NA,NA,NA,NA,NA,NA,"Barómetro laSexta. El PP se coloca como primera opción en intención de voto por primera vez desde 2018 con el 27,3%","https://www.lasexta.com/noticias/nacional/barometro-lasexta-coloca-como-primera-opcion-intencion-voto-primera-vez-2018-273_2021050860967e9d29c3320001d8dabf.html"
"17","Sigma Dos/El Mundo","Sigma Dos","El Mundo",1000,"5–6 May 2021",2021-05-06,2023-12-10,948,"",4.5,25.7,30.2,15.2,13,3.6,3.1,2,2,1.9,NA,NA,NA,NA,NA,NA,"Ayuso desata un vuelco electoral en España que hunde a Sánchez","https://phantom-elmundo.unidadeditorial.es/4966891d3bf76f2017c0fa736ecee865/resize/473/f/webp/assets/multimedia/imagenes/2021/05/09/16205947132851.png"
"18","Demoscopia y Servicios/ESdiario","Demoscopia y Servicios","ESdiario",1000,"5–6 May 2021",2021-05-06,2023-12-10,948,"",0.6,25.3,25.9,16.9,10.3,2.3,3.4,5.1,2.7,1.6,1.3,1,0.4,0.6,0.4,0.3,"Casado adelanta a Sánchez y alcanza la mayoría absoluta con Vox y Navarra Suma","https://www.esdiario.com/espana/332803556/Casado-adelanta-a-Sanchez-y-alcanza-la-mayoria-absoluta-con-Vox-y-Navarra-Suma.html"
"19","ElectoPanel/Electomanía","ElectoPanel","Electomanía",1825,"4–6 May 2021",2021-05-06,2023-12-10,948,"",1.1,26.9,25.8,16.6,11.4,3.2,3.5,2.1,2.5,1.6,1.3,0.9,0.5,0.6,0.4,0.3,"EP 6M: Subida de Casado, que roza la Moncloa. Peligra el escaño de Arrimadas. Ayuso ganaría y dejaría casi sin opciones a la izquierda","https://electomania.es/ep6m21/"
"20","ElectoPanel/Electomanía","ElectoPanel","Electomanía",4320,"24 Apr–2 May 2021",2021-05-02,2023-12-10,952,"",3.1,27.1,24,16.9,12.3,4,3.6,1.7,2.3,1.6,1.3,0.9,0.5,0.6,0.4,0.3,"ElectoPanel Generales (2M – TODO EN ABIERTO): pocos cambios antes del 4M madrileño","https://electomania.es/epgenerales3m21/"
"21","ElectoPanel/Electomanía","ElectoPanel","Electomanía",3125,"18–24 Apr 2021",2021-04-24,2023-12-10,960,"",3.1,27,23.9,16.9,12.5,4,3.6,1.6,2.3,1.6,1.3,0.9,0.5,0.6,0.4,0.3,"ElectoPanel (25A): subida de la izquierda","https://electomania.es/ep25a21/"
"22","ElectoPanel/Electomanía","ElectoPanel","Electomanía",2450,"10–17 Apr 2021",2021-04-17,2023-12-10,967,"",2.4,26.6,24.2,17.2,12.4,3.8,3.6,1.7,2.4,1.6,1.3,0.9,0.5,0.6,0.4,0.3,"ElectoPanel (18A): subida de PSOE y Vox, baja UP","https://electomania.es/epgenerales18a21/"
"23","GAD3/NIUS","GAD3","NIUS",1001,"14–16 Apr 2021",2021-04-16,2023-12-10,968,"63",1.7,28.7,27,14.5,9.2,4.5,3.2,2.3,2,1.9,1.1,0.8,0.4,0.6,0.4,0.2,"Podemos sufre todo el desgaste del Gobierno de coalición y PP y Vox suben","https://www.niusdiario.es/nacional/politica/encuesta-barometro-sociopolitico-gad-tres-intencion-voto-psoe-ganaria-elecciones-pp-recorda-distancias_18_3124020007.html"
"24","Invymark/laSexta","Invymark","laSexta",NA,"12–16 Apr 2021",2021-04-16,2023-12-10,968,"",3.5,28,24.5,18.3,9.3,3.6,NA,NA,NA,NA,NA,NA,NA,NA,NA,NA,"Barómetro laSexta. El PSOE ganaría las elecciones con un 28% de los votos","https://www.lasexta.com/noticias/nacional/barometro-lasexta-psoe-ganaria-elecciones-28-votos_20210418607c233cc8fbb500018b1544.html"
"25","CIS","CIS",NA,3823,"5–14 Apr 2021",2021-04-14,2023-12-10,970,"",10.9,31.5,20.6,15.4,10.7,6.7,2.8,1.9,1.5,1.5,0.9,0.6,0.3,0.5,0.4,NA,"Barómetro de abril 2021 (Estudio nº 3318. Abril 2021)","http://datos.cis.es/pdf/Es3318marMT_A.pdf"
"26","Simple Lógica","Simple Lógica",NA,1053,"5–13 Apr 2021",2021-04-13,2023-12-10,971,"65.6",5,27.9,22.9,17.6,11.1,3.8,NA,NA,NA,NA,NA,NA,NA,NA,NA,NA,"Intención de voto y valoración de líderes políticos (abril 2021)","https://www.simplelogica.com/es/intencion-de-voto-y-valoracion-de-lideres-politicos-abril-2021/"
"27","ElectoPanel/Electomanía","ElectoPanel","Electomanía",2300,"2–9 Apr 2021",2021-04-09,2023-12-10,975,"",2.1,26.2,24.1,17,12.8,3.9,3.6,1.7,2.4,1.6,1.3,0.9,0.5,0.6,0.4,0.3,"ElectoPanel 11A: Vox sube, el PP baja de los 100 escaños, ERC da un bocado a Junts y CpM entraría en el Congreso","https://electomania.es/ep11a21/"
"28","ElectoPanel/Electomanía","ElectoPanel","Electomanía",2000,"26 Mar–2 Apr 2021",2021-04-02,2023-12-10,982,"",2.4,26.5,24.1,16.8,13,3.7,3.6,1.7,2.5,1.6,1.3,0.9,0.5,0.6,0.4,0.3,"ElectoPanel 4A: Vox recupera los 60 escaños. UP baja, Cs sube","https://electomania.es/ep4a21/"
"29","NC Report/La Razón","NC Report","La Razón",1000,"26–31 Mar 2021",2021-03-31,2023-12-10,984,"63.1",1.8,26.6,24.8,17.4,11.5,4,3.3,2.5,2.2,1.5,1.3,NA,NA,NA,NA,NA,"El «efecto Ayuso» coloca al PP a 1,8 puntos de Sánchez","https://www.larazon.es/espana/20210405/usfrjtbsgnbapgs5qgz54p7ppq.html"
"30","ElectoPanel/Electomanía","ElectoPanel","Electomanía",2000,"22–26 Mar 2021",2021-03-26,2023-12-10,989,"",1.9,26.4,24.5,16.6,13.4,3.2,3.5,1.7,2.6,1.6,1.3,0.9,0.5,0.5,0.4,0.3,"ElectoPanel (28M): la distancia entre PP y PSOE, en 2p. Ligera bajada de UP y subida de Cs","https://electomania.es/ep28m21/"
"31","ElectoPanel/Electomanía","ElectoPanel","Electomanía",2513,"16–20 Mar 2021",2021-03-20,2023-12-10,995,"",1.7,26.2,24.5,16.7,13.7,2.8,3.6,1.7,2.6,1.6,1.3,0.9,0.5,0.5,0.4,0.3,"ElectoPanel (21M): Yolanda Díaz sube y roza los 40 escaños","https://electomania.es/ep21m21/"
"32","Invymark/laSexta","Invymark","laSexta",NA,"15–19 Mar 2021",2021-03-19,2023-12-10,996,"",4.5,28.4,23.9,18.6,9.8,4.4,NA,NA,NA,NA,NA,NA,NA,NA,NA,NA,"Barómetro laSexta. El PSOE ganaría las elecciones con un 28,4% de los votos","https://www.lasexta.com/noticias/nacional/barometro-lasexta-el-psoe-ganaria-las-elecciones-con-un-284-de-los-votos_20210321605746a2f992530001f6d042.html"
"33","ElectoPanel/Electomanía","ElectoPanel","Electomanía",2400,"15 Mar 2021",2021-03-15,2023-12-10,1000,"",1.6,26.2,24.6,16.6,13.4,2.4,3.6,1.8,2.5,1.6,1.4,1.1,0.5,0.7,0.4,0.3,"ElectoPanel (16M): Yolanda Díaz mejoraría en votos y escaños los resultados de Iglesias en 2019 y cambia por completo el tablero político nacional","https://electomania.es/ep16m21/"
"34","ElectoPanel/Electomanía","ElectoPanel","Electomanía",2576,"12–13 Mar 2021",2021-03-13,2023-12-10,1002,"",6.9,29.9,23,18.1,9.9,2.5,3.6,1.9,2.5,1.6,1.4,1,0.5,0.7,0.4,0.3,"ElectoPanel 14M: Cs al borde de la desaparición, caería hasta el 2,5% y solo conservaría el escaño de Arrimadas","https://electomania.es/ep14m21/"
"35","CIS","CIS",NA,3820,"1–11 Mar 2021",2021-03-11,2023-12-10,1004,"",13.4,31.3,17.9,15,9.6,9.5,3.2,2,1.5,1.7,1,0.8,0.2,0.6,0.4,NA,"Barómetro de marzo 2021 (Estudio nº 3313. Marzo 2021)","http://datos.cis.es/pdf/Es3313marMT_A.pdf"
"36","Simple Lógica","Simple Lógica",NA,1023,"1–9 Mar 2021",2021-03-09,2023-12-10,1006,"64.6",8.6,27.1,17.5,18.5,11,7.6,NA,NA,NA,NA,NA,NA,NA,NA,NA,NA,"Intención de voto y valoración de líderes políticos (marzo 2021)","https://www.simplelogica.com/es/intencion-de-voto-y-valoracion-de-lideres-politicos-marzo-2021/"
"37","Invymark/laSexta","Invymark","laSexta",NA,"1–5 Mar 2021",2021-03-05,2023-12-10,1010,"",3.6,26.8,23.2,17.4,10.3,6.6,NA,NA,NA,NA,NA,NA,NA,NA,NA,NA,"Barómetro laSexta. El PSOE ganaría las elecciones con un 28,4% de los votos","https://www.lasexta.com/noticias/nacional/barometro-lasexta-el-psoe-ganaria-las-elecciones-con-un-284-de-los-votos_20210321605746a2f992530001f6d042.html"
"38","ElectoPanel/Electomanía","ElectoPanel","Electomanía",1406,"28 Feb–5 Mar 2021",2021-03-05,2023-12-10,1010,"",7.3,28.5,21.2,18.9,10.5,4.9,3.4,1.8,2.4,1.4,1.3,0.9,0.5,0.7,0.4,0.3,"ElectoPanel (7M): Ciudadanos cae por debajo del 5% de voto","https://electomania.es/ep7m21/"
"39","Sigma Dos/El Mundo","Sigma Dos","El Mundo",1096,"1–3 Mar 2021",2021-03-03,2023-12-10,1012,"",4.3,27.2,22.9,17.4,11.7,5.4,3.2,0.9,2,2.1,NA,NA,NA,NA,NA,NA,"Vox sube mientras el 40% de los votantes del PP reprueba la línea de Pablo Casado","https://www.elmundo.es/espana/2021/03/07/60453017fdddff908d8b4649.html"
"40","KeyData/Público","KeyData","Público",NA,"1 Mar 2021",2021-03-01,2023-12-10,1014,"68.5",6.5,27.8,21.3,17.7,11.1,5.7,3.6,1.6,2.2,1.5,1.2,1,0.5,NA,NA,NA,"El Gobierno de coalición se refuerza y la derecha se radicaliza tras las elecciones catalanas, según los sondeos","https://www.publico.es/politica/encuestas-electorales-gobierno-coalicion-refuerza-derecha-radicaliza-elecciones-catalanas-sondeos.html"
"41","NC Report/La Razón","NC Report","La Razón",1000,"24–28 Feb 2021",2021-02-28,2023-12-10,1015,"63.3",3.7,27.4,23.7,18,10.9,4.3,3.3,NA,2.2,1.5,1.3,NA,NA,NA,NA,NA,"Derecha: un millón de votos más que en el 96 pero sin poder gobernar","https://www.larazon.es/espana/20210228/eim57wiyjbaw5pd3svlc22f3yy.html"
"42","ElectoPanel/Electomanía","ElectoPanel","Electomanía",1406,"20–27 Feb 2021",2021-02-27,2023-12-10,1016,"",8.2,29,20.8,19,10.5,5,3.4,1.7,2.5,1.3,1.4,0.8,0.5,0.7,0.4,0.3,"ElectoPanel (27F): Vox en máximo histórico en voto y escaños, se alza a menos de 2p del PP","https://electomania.es/ep27f21/"
"43","GAD3/NIUS","GAD3","NIUS",1000,"22–25 Feb 2021",2021-02-25,2023-12-10,1018,"62",6.4,28.6,22.2,17.1,10.1,5.9,3.7,1.5,2.2,1.7,1.2,1.1,0.4,0.6,0.4,0.2,"Podemos sufre todo el desgaste del Gobierno de coalición y PP y Vox suben","https://www.niusdiario.es/nacional/politica/barometro-niusdiario-gad3-podemos-desgaste-gobierno-coalicion-pp-vox-suben_18_3097770327.html"
"44","DYM/Henneo","DYM","Henneo",1002,"19–23 Feb 2021",2021-02-23,2023-12-10,1020,"",5.8,25.4,19.6,18.1,12.5,7.5,NA,NA,NA,NA,NA,NA,NA,NA,NA,NA,"El resultado de las catalanas debilita al PP y la izquierda recupera espacio pese al alza de Vox","https://www.20minutos.es/noticia/4599843/0/el-batacazo-de-las-catalanas-debilita-al-pp-y-la-izquierda-recupera-espacio-pese-al-alza-de-vox/"
"45","Celeste-Tel/Onda Cero","Celeste-Tel","Onda Cero",1100,"17–23 Feb 2021",2021-02-23,2023-12-10,1020,"64.4",6,28.3,22.3,18.2,10.1,4.6,3.6,2.6,2.1,1.6,1.2,1.1,0.5,0.7,0.4,0.3,"Estudio electoral de expectiva de voto al Congreso de los Diputados. Ámbito nacional. Febrero 2021","https://www.celeste-tel.es/wp-content/uploads/2021/02/Bar%C3%B3metro-Electoral-Mensual-Febrero2021.pdf"
"46","Hamalgama Métrica/OKDiario","Hamalgama Métrica","OKDiario",1000,"19–22 Feb 2021",2021-02-22,2023-12-10,1021,"",6.6,28.7,22.1,19.1,9.9,3.1,3.4,NA,NA,NA,NA,NA,NA,NA,0.4,NA,"Cataluña dispara a Vox: sube 12 escaños al absorber voto de Cs y se acerca al PP que gana 4 escaños","https://okdiario.com/espana/cataluna-dispara-vox-sube-12-escanos-absorber-voto-cs-acerca-pp-que-gana-4-escanos-6867824"
"47","ElectoPanel/Electomanía","ElectoPanel","Electomanía",1406,"17–20 Feb 2021",2021-02-20,2023-12-10,1023,"",8.5,29.4,20.9,18.4,10,5.6,3.4,1.7,2.4,1.3,1.4,0.8,0.5,0.7,0.4,0.3,"ElectoPanel (21F): Vox supera el 18% y se sitúa en el límite del empate técnico con el PP","https://electomania.es/ep21f21/"
"48","Sigma Dos/El Mundo","Sigma Dos","El Mundo",1145,"15–17 Feb 2021",2021-02-17,2023-12-10,1026,"",4.2,27.6,23.4,15.6,11.9,6.3,3.2,0.9,2.2,2,NA,NA,NA,NA,NA,NA,"Vox recorta terreno al PP tras el 14-F pero sigue a ocho puntos","https://www.elmundo.es/espana/2021/02/22/6032bced21efa06c658b45f2.html"
"49","ElectoPanel/Electomanía","ElectoPanel","Electomanía",1240,"14–16 Feb 2021",2021-02-16,2023-12-10,1027,"",7.4,29,21.6,17.9,10.2,5.6,3.4,1.7,2.4,1.3,1.4,0.8,0.5,0.7,0.4,0.3,"ElectoPanel Especial (16F): TERREMOTO ELECTORAL tras Cataluña","https://electomania.es/ep16f21/"
"50","ElectoPanel/Electomanía","ElectoPanel","Electomanía",2530,"6–12 Feb 2021",2021-02-12,2023-12-10,1031,"",4.4,27.3,22.9,15.8,10.7,7.5,3.3,1.7,2.4,1.5,1.4,0.8,0.5,0.7,0.4,0.3,"ElectoPanel 13F: bajada del PP, subida de Vox","https://electomania.es/ep13f21/"
"51","CIS","CIS",NA,3869,"3–11 Feb 2021",2021-02-11,2023-12-10,1032,"",11.9,30.7,18.8,13.6,11.2,9.3,3.5,1.7,1.3,1.5,0.8,0.9,0.4,0.7,0.4,0.2,"Barómetro de febrero 2021 (Estudio nº 3309. Febrero 2021)","http://datos.cis.es/pdf/Es3309marMT_A.pdf"
"52","ElectoPanel/Electomanía","ElectoPanel","Electomanía",1814,"30 Jan–6 Feb 2021",2021-02-06,2023-12-10,1037,"",3.7,27.2,23.5,15.2,10.8,7.4,3.4,1.8,2.3,1.5,1.3,0.8,0.5,0.7,0.4,0.3,"ElectoPanel (7F): el PSOE sube ligeramente. Vox por debajo de los 50 escaños y rozando el 15%","https://electomania.es/ep7f21/"
"53","Simple Lógica","Simple Lógica",NA,1054,"1–5 Feb 2021",2021-02-05,2023-12-10,1038,"62.0",10,28.8,18.8,16.9,10.3,9.2,NA,NA,NA,NA,NA,NA,NA,NA,NA,NA,"Intención de voto y valoración de líderes políticos (febrero 2021)","https://www.simplelogica.com/es/intencion-de-voto-y-valoracion-de-lideres-politicos-febrero-2021/"
"54","ElectoPanel/Electomanía","ElectoPanel","Electomanía",1493,"22–29 Jan 2021",2021-01-29,2023-12-10,1045,"",3.6,27,23.4,15.4,11,7.3,3.4,1.8,2.3,1.5,1.3,0.8,0.5,0.7,0.4,0.3,"ElectoPanel (30E): situación estable, con el PP duplicando a Vox en escaños","https://electomania.es/ep30e21/"
"55","CIS","CIS",NA,3862,"7–25 Jan 2021",2021-01-25,2023-12-10,1049,"",10.2,30.7,20.5,13,10.7,9.3,2.9,1.5,1.5,1.6,0.9,0.6,0.5,0.5,0.6,0.3,"Barómetro de enero 2021 (Estudio nº 3307. Enero 2021)","http://datos.cis.es/pdf/Es3307marMT_A.pdf"
"56","ElectoPanel/Electomanía","ElectoPanel","Electomanía",1470,"18–22 Jan 2021",2021-01-22,2023-12-10,1052,"",3.9,27.1,23.2,15.6,11,7.3,3.4,1.7,2.3,1.5,1.3,0.8,0.5,0.7,0.4,0.3,"ElectoPanel (24E): bajada de la izquierda, que se deja varios escaños","https://electomania.es/ep24e21/"
"57","Invymark/laSexta","Invymark","laSexta",NA,"18–22 Jan 2021",2021-01-22,2023-12-10,1052,"",3.8,27,23.2,16.9,10.2,7,NA,NA,NA,NA,NA,NA,NA,NA,NA,NA,"Barómetro laSexta. El PSOE obtendría el 27% de los votos seguido del PP (23%)","https://www.lasexta.com/noticias/nacional/barometro-lasexta-el-psoe-obtendria-el-27-de-los-votos-seguido-del-pp-23_20210124600d73f2ce4427000169c7c3.html"
"58","Celeste-Tel/Onda Cero","Celeste-Tel","Onda Cero",1100,"11–15 Jan 2021",2021-01-15,2023-12-10,1059,"64.7",3.3,27,23.7,14.8,11.8,6.7,3.9,2.5,2.2,1.6,1.2,1,0.5,0.9,0.4,0.3,"Estudio electoral de expectiva de voto al Congreso de los Diputados. Ámbito nacional. Enero 2021","https://www.celeste-tel.es/wp-content/uploads/2021/01/Bar%C3%B3metro-Electoral-Mensual-Enero2021.pdf"
"59","ElectoPanel/Electomanía","ElectoPanel","Electomanía",1382,"11–15 Jan 2021",2021-01-15,2023-12-10,1059,"",4.1,27.2,23.1,15.8,11.1,7.1,3.3,1.7,2.3,1.5,1.3,0.8,0.5,0.7,0.4,0.3,"ElectoPanel (17E): Vox continúa a la baja y marca su peor dato desde agosto. Cs en el 7%","https://electomania.es/ep17e21/"
"60","Hamalgama Métrica/OKDiario","Hamalgama Métrica","OKDiario",1000,"12–14 Jan 2021",2021-01-14,2023-12-10,1060,"",2,26.4,24.4,15.6,12.5,5.2,3.8,NA,NA,NA,NA,NA,NA,NA,0.4,NA,"El PP sube a 105 escaños y se queda a sólo 4 del PSOE, Vox crece a 55 y Podemos y Cs siguen cayendo","https://okdiario.com/espana/pp-sube-105-escanos-queda-solo-4-del-psoe-vox-crece-55-podemos-cs-siguen-cayendo-6704995"
"61","Simple Lógica","Simple Lógica",NA,1045,"4–13 Jan 2021",2021-01-13,2023-12-10,1061,"66.3",5.2,26.3,21.1,15.2,10.7,8.9,NA,NA,NA,NA,NA,NA,NA,NA,NA,NA,"Intención de voto y valoración de líderes políticos (enero 2021)","https://www.simplelogica.com/es/intencion-de-voto-y-valoracion-de-lideres-politicos-enero-2021/"
"62","SyM Consulting","SyM Consulting",NA,2915,"7–10 Jan 2021",2021-01-10,2023-12-10,1064,"70.0",2.1,26.7,24.6,14.2,9.6,6.6,3.7,NA,2,1.6,1.1,NA,NA,NA,NA,NA,"Estimación generales Oleada Enero 2021","https://twitter.com/Barometrocm/status/1350135779260059650"
"63","ElectoPanel/Electomanía","ElectoPanel","Electomanía",1562,"3–9 Jan 2021",2021-01-09,2023-12-10,1065,"",4.4,27.2,22.8,16.1,11.2,6.9,3.3,1.7,2.4,1.5,1.3,0.8,0.5,0.6,0.4,0.3,"ElectoPanel (10E): situación estable, sin apenas diferencias","https://electomania.es/ep10e21/"
"64","SocioMétrica/El Español","SocioMétrica","El Español",1206,"28 Dec–5 Jan 2021",2021-01-05,2023-12-10,1069,"",3.8,26.7,22.9,16.7,10.5,6.7,3.4,2.5,2.7,1.8,1.3,NA,0.8,0.6,0.3,0.3,"Pedro Sánchez y Pablo Iglesias pierden 18 escaños en un año pero retendrían el poder con las minorías","https://www.elespanol.com/espana/20210107/pedro-sanchez-pablo-iglesias-pierden-retendrian-minorias/549196091_0.html"
"65","ElectoPanel/Electomanía","ElectoPanel","Electomanía",1321,"28 Dec–2 Jan 2021",2021-01-02,2023-12-10,1072,"",4.3,27.3,23,16,11.2,6.8,3.3,1.7,2.4,1.5,1.3,0.8,0.5,0.6,0.4,0.3,"ElectoPanel (3E): Casado sigue subiendo a costa de Abascal","https://electomania.es/ep3e21/"
"66","NC Report/La Razón","NC Report","La Razón",1000,"18–30 Dec 2020",2020-12-30,2023-12-10,1075,"62.8",1.9,26.2,24.3,15.2,11.7,6.7,3.5,2.2,2.3,1.5,1.2,1,0.4,1,0.4,0.2,"PSOE y Podemos se enfrentan al virus de la abstención","https://www.larazon.es/espana/20210103/4qz6k6qy7fgxnnjgy2vzvfhzuq.html"
"67","Sigma Dos/El Mundo","Sigma Dos","El Mundo",1144,"22–29 Dec 2020",2020-12-29,2023-12-10,1076,"",2.7,27.9,25.2,13.5,10.8,7.6,3.3,1,2.1,1.9,NA,NA,NA,NA,NA,NA,"Casado se sitúa a menos de tres puntos de Sánchez con Podemos en retroceso","https://www.elmundo.es/espana/2021/01/02/5ff0dc2e21efa0e9238b4582.html"
"68","ElectoPanel/Electomanía","ElectoPanel","Electomanía",1413,"21–25 Dec 2020",2020-12-25,2023-12-10,1080,"",4.7,27.4,22.7,16.3,11.3,6.7,3.3,1.7,2.4,1.5,1.3,0.8,0.5,0.6,0.4,0.3,"ElectoPanel (27D): el bipartidismo supera el 50%","https://electomania.es/ep27d20/"
"69","KeyData/Público","KeyData","Público",NA,"24 Dec 2020",2020-12-24,2023-12-10,1081,"67.3",4.2,27,22.8,15.6,11.1,7.5,3.5,2.3,2.2,1.6,1.1,0.9,0.5,NA,NA,NA,"El bloque de investidura mantiene sus opciones para sostener un gobierno de izquierda pese al desgaste de PSOE y UP","https://www.publico.es/politica/bloque-investidura-mantiene-opciones-sostener-gobierno-izquierda-pese-desgaste-psoe-up.html"
"70","Invymark/laSexta","Invymark","laSexta",NA,"14–18 Dec 2020",2020-12-18,2023-12-10,1087,"",4.4,27.4,23,16.1,10.2,7.7,NA,NA,NA,NA,NA,NA,NA,NA,NA,NA,"Barómetro laSexta. El PSOE lidera en intención de voto a más de 4 puntos de distancia del PP","https://www.lasexta.com/noticias/nacional/barometro-lasexta-el-psoe-lidera-en-intencion-de-voto-con-mas-de-4-puntos-de-distancia-del-pp_202012205fdf4e76ae19b30001f68e10.html"
"71","DYM/Henneo","DYM","Henneo",1000,"15–17 Dec 2020",2020-12-17,2023-12-10,1088,"",1.1,24,22.9,17.4,10.4,8.2,NA,NA,NA,NA,NA,NA,NA,NA,NA,NA,"PSOE y UP rebajan el desgaste, pero siguen lejos del 10-N","https://www.20minutos.es/noticia/4525047/0/psoe-y-up-rebajan-el-desgaste-pero-siguen-lejos-del-10-n/"
"72","ElectoPanel/Electomanía","ElectoPanel","Electomanía",1413,"15–17 Dec 2020",2020-12-17,2023-12-10,1088,"",5,27.3,22.3,16.6,11.4,6.5,3.4,1.6,2.5,1.6,1.3,0.8,0.5,0.7,0.4,0.3,"ElectoPanel (18D): menos distancia entre UP y Vox, que entre Vox y el PP","https://electomania.es/ep18d20/"
"73","Celeste-Tel/Onda Cero","Celeste-Tel","Onda Cero",1100,"9–15 Dec 2020",2020-12-15,2023-12-10,1090,"64.5",3.8,27.1,23.3,14.9,12,6.5,3.8,2.7,2.2,1.6,1.1,1,0.5,0.9,0.4,0.3,"Estudio electoral de expectiva de voto al Congreso de los Diputados. Ámbito nacional. Diciembre de 2020","https://www.celeste-tel.es/wp-content/uploads/2020/12/Bar%C3%B3metro-Electoral-Mensual-Diciembre2020.pdf"
"74","GAD3/COPE","GAD3","COPE",2005,"30 Nov–14 Dec 2020",2020-12-14,2023-12-10,1091,"64",2.8,28,25.2,13.1,9.5,7.1,3.4,1.4,1.8,1.7,1.5,0.8,0.6,1,0.4,0.3,"Encuesta GAD3: Casado recorta distancias con Sánchez y se queda cerca del sorpasso","https://www.cope.es/programas/herrera-en-cope/noticias/michavila-cope-con-110-escanos-esta-tres-puntos-los-socialistas-20201216_1047979"
"75","ElectoPanel/Electomanía","ElectoPanel","Electomanía",1532,"7–11 Dec 2020",2020-12-11,2023-12-10,1094,"",5.7,27.5,21.8,17,11.6,6.3,3.4,1.5,2.6,1.6,1.3,0.8,0.5,0.7,0.4,0.2,"ElectoPanel (13D): Casado, a medio camino entre PSOE y Vox","https://electomania.es/ep13d20/"
"76","CIS","CIS",NA,3817,"1–9 Dec 2020",2020-12-09,2023-12-10,1096,"",10.3,29.5,19.2,14,10.8,10.5,2.9,2.4,1.7,1.4,1.2,0.8,0.5,0.5,0.4,0.1,"Barómetro de diciembre 2020 (Estudio nº 3303. Diciembre 2020)","http://datos.cis.es/pdf/Es3303marMT_A.pdf"
"77","Simple Lógica","Simple Lógica",NA,1065,"30 Nov–9 Dec 2020",2020-12-09,2023-12-10,1096,"64.8",8,27.9,19.9,16.2,11.6,7.7,NA,NA,NA,NA,NA,NA,NA,NA,NA,NA,"Intención de voto y valoración de líderes políticos (diciembre 2020)","https://www.simplelogica.com/es/intencion-de-voto-y-valoracion-de-lideres-politicos-diciembre-2020/"
"78","Sigma Dos/Antena 3","Sigma Dos","Antena 3",NA,"7 Dec 2020",2020-12-07,2023-12-10,1098,"",3,28.5,25.5,13.4,12.1,7,3.3,0.8,2.1,1.9,NA,NA,NA,NA,NA,NA,"Barómetro: El PSOE seguiría siendo el partido más votado y el PP sube con fuerza","https://www.antena3.com/noticias/espana/barometro-psoe-seguiria-siendo-partido-mas-votado-sube-fuerza_202012075fcde90455a6d40001e6a3e3.html"
"79","Hamalgama Métrica/OKDiario","Hamalgama Métrica","OKDiario",1000,"2–5 Dec 2020",2020-12-05,2023-12-10,1100,"",2.4,26.2,23.8,15.9,13,5.3,3.7,NA,NA,NA,NA,NA,NA,NA,0.4,NA,"PSOE y Podemos pierden 15 escaños, el PP sube 10 y Vox logra 6 diputados más","https://okdiario.com/espana/pp-estanca-101-escanos-psoe-conserva-108-pese-sus-escandalos-podemos-sigue-cayendo-6542393"
"80","ElectoPanel/Electomanía","ElectoPanel","Electomanía",1670,"2–5 Dec 2020",2020-12-05,2023-12-10,1100,"",5.6,27.2,21.6,17.2,11.9,6.4,3.3,1.5,2.6,1.6,1.3,0.8,0.5,0.7,0.4,0.2,"ElectoPanel (6D): el PP sigue subiendo, Cs sigue bajando y UP ya casi le duplica","https://electomania.es/ep6d20/"
"81","SW Demoscopia/infoLibre","SW Demoscopia","infoLibre",1237,"26 Nov–5 Dec 2020",2020-12-05,2023-12-10,1100,"",7.7,28.4,20.7,17.2,11.1,8.4,NA,NA,NA,NA,NA,NA,NA,NA,NA,NA,"El PSOE mantiene su ventaja de más de 30 escaños sobre el PP y la derecha suma ocho diputados gracias al avance de Vox","https://www.infolibre.es/noticias/politica/2020/12/09/el_psoe_mantiene_ventaja_mas_escanos_sobre_la_derecha_sube_aunque_sin_alcanzar_mayoria_114202_1012.html"
"82","ElectoPanel/Electomanía","ElectoPanel","Electomanía",1310,"22–27 Nov 2020",2020-11-27,2023-12-10,1108,"",5.8,27.2,21.4,17.4,11.8,6.6,3.3,1.5,2.5,1.6,1.3,0.8,0.5,0.7,0.4,0.3,"ElectoPanel (29N): UP vuelve a los 30 escaños. Vox se recupera y el PP sigue su ascenso. Coalición Canaria, fuera del Congreso","https://electomania.es/ep29n20/"
"83","KeyData/Público","KeyData","Público",NA,"24 Nov 2020",2020-11-24,2023-12-10,1111,"66.9",4.9,27.3,22.4,15.9,10.8,6.9,3.6,2.4,2.2,1.7,1.1,0.9,0.4,NA,NA,NA,"El Gobierno de coalición sufre desgaste pero se mantiene un año después de las elecciones, según los sondeos","https://www.publico.es/politica/encuestas-electorales-gobierno-coalicion-sufre-desgaste-mantiene-ano-despues-elecciones-sondeos.html"
"84","DYM/Henneo","DYM","Henneo",1001,"18–20 Nov 2020",2020-11-20,2023-12-10,1115,"",0.1,23.6,23.5,17.2,9.8,8.9,NA,NA,NA,NA,NA,NA,NA,NA,NA,NA,"PSOE y Unidas Podemos acentúan su desgaste y suben PP, Vox y Ciudadanos","https://www.20minutos.es/noticia/4488629/0/gobierno-acusa-gestion-coronavirus-pp-psoe/"
"85","ElectoPanel/Electomanía","ElectoPanel","Electomanía",2398,"16–20 Nov 2020",2020-11-20,2023-12-10,1115,"",6.1,27.2,21.1,17,11.7,6.4,3.4,2.5,2.7,1.5,1.3,0.7,0.5,0.7,0.4,0.2,"ElectoPanel (22N): subida del bloque de izquierdas","https://electomania.es/ep22n20/"
"86","ElectoPanel/Electomanía","ElectoPanel","Electomanía",1290,"10–13 Nov 2020",2020-11-13,2023-12-10,1122,"",5.9,26.7,20.8,17.4,11.5,6.9,3.3,2.5,2.7,1.5,1.3,0.7,0.5,0.7,0.4,0.2,"ElectoPanel (15N): goteo de apoyos a la derecha. Más País logra el segundo escaño","https://electomania.es/ep15n20/"
"87","CIS","CIS",NA,3853,"3–12 Nov 2020",2020-11-12,2023-12-10,1123,"",11.8,30.4,18.6,13.2,11.4,9.5,3.2,1.8,1.7,1.5,0.7,0.7,0.4,0.6,0.4,NA,"Barómetro de noviembre 2020 (Estudio nº 3300. Noviembre 2020)","http://datos.cis.es/pdf/Es3300marMT_A.pdf"
"88","Simple Lógica","Simple Lógica",NA,1036,"4–11 Nov 2020",2020-11-11,2023-12-10,1124,"63.4",8.7,29.2,20.5,15.7,11.5,5.1,NA,NA,NA,NA,NA,NA,NA,NA,NA,NA,"Intención de voto y valoración de líderes políticos (noviembre 2020)","https://www.simplelogica.com/es/intencion-de-voto-y-valoracion-de-lideres-politicos-noviembre-2020/"
"89","Celeste-Tel/Onda Cero","Celeste-Tel","Onda Cero",1100,"4–9 Nov 2020",2020-11-09,2023-12-10,1126,"64.2",5.2,27.7,22.5,15.3,11.8,6.7,3.8,2.5,2.1,1.5,1.2,1,0.5,0.9,0.4,0.2,"Estudio electoral de expectiva de voto al Congreso de los Diputados. Ámbito nacional. Noviembre de 2020","https://www.celeste-tel.es/wp-content/uploads/2020/12/Bar%C3%B3metro-Electoral-Mensual-Noviembre2020.pdf"
"90","ElectoPanel/Electomanía","ElectoPanel","Electomanía",1263,"6–7 Nov 2020",2020-11-07,2023-12-10,1128,"",6.2,26.8,20.6,17.5,11.5,7.1,3.3,2.4,2.7,1.5,1.3,0.7,0.5,0.7,0.4,0.2,"ElectoPanel (8N): subida de Pablo Casado, que recupera terreno","https://electomania.es/ep8n20/"
"91","NC Report/La Razón","NC Report","La Razón",1000,"30 Oct–7 Nov 2020",2020-11-07,2023-12-10,1128,"63.1",3.6,26.8,23.2,15.9,11.5,7.2,3.5,2.1,2.5,1.5,1.3,0.8,0.4,0.8,0.4,0.2,"La coalición Sánchez-Iglesias se deja un millón de votos en un año","https://www.larazon.es/espana/20201109/l3pp65zztvcfrlczkhwdufzfaq.html"
"92","ElectoPanel/Electomanía","ElectoPanel","Electomanía",1730,"30–31 Oct 2020",2020-10-31,2023-12-10,1135,"",6.9,26.9,20,17.6,11.6,7.4,3.3,2.3,2.7,1.4,1.3,0.7,0.5,0.7,0.4,0.2,"ElectoPanel (1N): Vox sigue reduciendo la distancia que le separa del PP y se acerca al 18%","https://electomania.es/ep1n20/"
"93","Invymark/laSexta","Invymark","laSexta",NA,"26–30 Oct 2020",2020-10-30,2023-12-10,1136,"",5.3,28.5,23.2,14.7,11,7.3,NA,NA,NA,NA,NA,NA,NA,NA,NA,NA,"Barómetro laSexta. El PSOE ganaría las elecciones y el PP sube más de dos puntos respecto al 10-N","https://www.lasexta.com/noticias/nacional/barometro-lasexta-el-psoe-ganaria-las-elecciones-y-el-pp-sube-mas-de-dos-puntos-respecto-al-10-n_202011015f9eb95f9a1c4e000164b116.html"
"94","DYM/Henneo","DYM","Henneo",1006,"22–23 Oct 2020",2020-10-23,2023-12-10,1143,"",0.5,25,24.5,16.6,10.3,7.8,NA,NA,NA,NA,NA,NA,NA,NA,NA,NA,"El PP sube tras la moción y casi iguala en intención de voto al PSOE","https://www.20minutos.es/noticia/4430577/0/pp-primera-fuerza-mocion-gobernar-vox-cs-encuesta-dym/"
"95","Sigma Dos/El Mundo","Sigma Dos","El Mundo",1000,"22–23 Oct 2020",2020-10-23,2023-12-10,1143,"",5.3,29.3,24,14.9,11.8,6.8,3,1,2,1.9,NA,NA,NA,NA,NA,NA,"La moción de censura refuerza a Pedro Sánchez y los votantes del PP respaldan a Pablo Casado","https://www.elmundo.es/espana/2020/10/24/5f9481f2fdddff74498b4625.html"
"96","Hamalgama Métrica/OKDiario","Hamalgama Métrica","OKDiario",1000,"21–23 Oct 2020",2020-10-23,2023-12-10,1143,"",3.8,26.9,23.1,15.7,12.6,6.1,3.6,NA,NA,NA,NA,NA,NA,NA,0.4,NA,"El PP pierde 11 escaños respecto a mayo y se queda con 100, el PSOE lidera con 109 y Vox sube a 58","https://okdiario.com/espana/pp-pierde-11-escanos-respecto-mayo-queda-100-psoe-lidera-109-vox-sube-58-6324174"
"97","ElectoPanel/Electomanía","ElectoPanel","Electomanía",4772,"19–22 Oct 2020",2020-10-22,2023-12-10,1144,"",6.8,27,20.2,17.4,11.6,7.5,3.3,2.3,2.6,1.4,1.3,0.7,0.5,0.6,0.4,0.2,"ElectoPanel express (22oct): la moción no produce grandes vuelcos, aunque Vox araña algo de voto a PP y Cs","https://electomania.es/ep22o20/"
"98","KeyData/Público","KeyData","Público",NA,"20 Oct 2020",2020-10-20,2023-12-10,1146,"66.6",5,27.4,22.4,15.5,11.5,6.9,3.5,1.9,2.3,1.6,1.1,0.9,0.5,NA,NA,NA,"La gestión de la pandemia erosiona levemente a la coalición de Gobierno, mientras la derecha crece, pero no suma","https://www.publico.es/politica/gestion-pandemia-erosiona-levemente-coalicion.html"
"99","SocioMétrica/El Español","SocioMétrica","El Español",2103,"15–17 Oct 2020",2020-10-17,2023-12-10,1149,"",3.8,26.6,22.8,16.3,10.5,7.1,3.2,2.5,3,1.8,1.3,NA,0.4,0.7,0.4,0.3,"El repunte de Vox frena al PP y amplía la ventaja del PSOE como primera fuerza","https://www.elespanol.com/espana/politica/20201018/repunte-vox-pp-sanchez-sondeo-publica-espanol/529197669_0.html"
"100","NC Report/La Razón","NC Report","La Razón",1000,"13–17 Oct 2020",2020-10-17,2023-12-10,1149,"62.6",3.4,27,23.6,15.6,11.4,6.3,3.4,NA,2.6,1.5,1.2,NA,NA,NA,NA,NA,"Encuesta NC Report: El bloque de centro derecha sube ante la moción de Vox","https://www.larazon.es/espana/20201018/xslzb4tpajh5vne6jm57jz37fy.html"
"101","ElectoPanel/Electomanía","ElectoPanel","Electomanía",1450,"12–16 Oct 2020",2020-10-16,2023-12-10,1150,"",6.6,27,20.4,17,11.6,7.7,3.3,2.3,2.7,1.5,1.3,0.7,0.5,0.7,0.4,0.2,"ElectoPanel (18o): Vox en máximos con el 17%, Unidas Podemos supera los 30 escaños","https://electomania.es/ep18o20/"
"102","GIPEyOP","GIPEyOP",NA,1955,"23 Sep–14 Oct 2020",2020-10-14,2023-12-10,1152,"59.4",1.3,21,17.4,19.7,14.7,5.5,3.7,4.1,3.1,1.8,1.6,2.1,0.5,1.1,0.1,NA,"Informe Preliminar GIPEyOP. Encuesta COVID-19 (Octubre 2020)","https://www.uv.es/pavia/Informe_GIPEyOP_encuesta_COVID_octubre.pdf"
"103","Sigma Dos/Antena 3","Sigma Dos","Antena 3",NA,"10 Oct 2020",2020-10-10,2023-12-10,1156,"",4,28.1,24.1,14,12.4,7.2,3.2,0.9,1.7,1.9,NA,NA,NA,NA,NA,NA,"Barómetro: el PP recorta distancia al PSOE, que se mantiene primero en intención de voto","https://www.antena3.com/noticias/espana/barometro-recorta-distancia-psoe-que-mantiene-primero-intencion-voto_202010105f81ad247c72380001caebf1.html"
"104","Invymark/laSexta","Invymark","laSexta",NA,"5–9 Oct 2020",2020-10-09,2023-12-10,1157,"",6.1,28.8,22.7,15.1,11.1,7.4,NA,NA,NA,NA,NA,NA,NA,NA,NA,NA,"Barómetro laSexta. El PSOE ganaría ahora las elecciones con un 28,8% de los votos","https://www.lasexta.com/noticias/nacional/barometro-lasexta-el-psoe-ganaria-ahora-las-elecciones-con-un-288-de-los-votos_202010115f82f93b7c72380001cc5a2a.html"
"105","ElectoPanel/Electomanía","ElectoPanel","Electomanía",1265,"5–9 Oct 2020",2020-10-09,2023-12-10,1157,"",6.4,27.1,20.7,16.7,11.5,7.9,3.3,2.2,2.7,1.4,1.2,0.7,0.5,0.6,0.4,0.2,"ElectoPanel (11oct): Vox se recupera de la bajada anterior en un escenario estable en cuanto a tendencias, inestable en cuanto a pactos","https://electomania.es/ep11oct20/"
"106","Simple Lógica","Simple Lógica",NA,1060,"1–9 Oct 2020",2020-10-09,2023-12-10,1157,"63.6",7.7,27.2,19.5,17.1,11,7.5,NA,NA,NA,NA,NA,NA,NA,NA,NA,NA,"Intención de voto y valoración de líderes políticos (octubre 2020)","https://www.simplelogica.com/es/intencion-de-voto-y-valoracion-de-lideres-politicos-octubre-2020/"
"107","CIS","CIS",NA,2924,"1–7 Oct 2020",2020-10-07,2023-12-10,1159,"",11.9,30.8,18.9,12.5,11.7,8.8,3.3,1.8,1.8,1.3,1.1,0.5,0.2,0.5,0.4,0.2,"Barómetro de octubre 2020 (Estudio nº 3296. Octubre 2020)","http://datos.cis.es/pdf/Es3296marMT_A.pdf"
"108","ElectoPanel/Electomanía","ElectoPanel","Electomanía",1265,"1–3 Oct 2020",2020-10-03,2023-12-10,1163,"",6.4,27.1,20.7,16.4,11.4,8.3,3.4,2.2,2.6,1.4,1.2,0.7,0.5,0.6,0.4,0.2,"ElectoPanel (4oct): el PP da un pequeño bocado a Vox, UP hace lo propio con el PSOE","https://electomania.es/ep4oct20/"
"109","GAD3/ABC","GAD3","ABC",960,"28 Sep–2 Oct 2020",2020-10-02,2023-12-10,1164,"",3.5,27.3,23.8,14.6,11.3,5.8,3.5,1.5,1.9,1.9,1.2,0.8,0.4,0.8,0.4,0.3,"Vox aumenta en 13 diputados desde julio y el PP pierde 18","https://www.abc.es/espana/abci-aumenta-13-diputados-desde-julio-y-pp-pierde-18-202010050208_noticia.html"
"110","Invymark/laSexta","Invymark","laSexta",NA,"21–25 Sep 2020",2020-09-25,2023-12-10,1171,"",7.3,29.1,21.8,14.6,11.6,7.7,NA,NA,NA,NA,NA,NA,NA,NA,NA,NA,"Barómetro laSexta. El PSOE lidera en intención de voto a más de 4 puntos de distancia del PP","https://www.lasexta.com/noticias/nacional/barometro-lasexta-el-psoe-lidera-en-intencion-de-voto-con-mas-de-4-puntos-de-distancia-del-pp_202012205fdf4e76ae19b30001f68e10.html"
"111","ElectoPanel/Electomanía","ElectoPanel","Electomanía",1410,"22–25 Sep 2020",2020-09-25,2023-12-10,1171,"",7.2,27.4,20.2,16.9,10.9,8.4,3.4,2.3,2.7,1.4,1.2,0.7,0.5,0.6,0.4,0.2,"ElectoPanel (27S): Vox rompe la barrera de los 60 escaños, roza el 17% y se sitúa a 3p del PP","https://electomania.es/ep27s20/"
"112","DYM/Henneo","DYM","Henneo",1008,"16–20 Sep 2020",2020-09-20,2023-12-10,1176,"",1.8,25.8,24,13.7,10.8,8.8,NA,NA,NA,NA,NA,NA,NA,NA,NA,NA,"El PP se acerca al PSOE en intención de voto","https://www.diariodenavarra.es/noticias/actualidad/nacional/2020/09/23/la-segunda-ola-covid-apenas-desgasta-partido-sanchez-702661-1031.html"
"113","Demoscopia y Servicios/ESdiario","Demoscopia y Servicios","ESdiario",1000,"17–19 Sep 2020",2020-09-19,2023-12-10,1177,"",2.2,25.7,23.5,15.3,13.2,6.5,3.1,1.6,2.7,1.5,1.4,0.9,0.4,0.6,0.4,0.3,"Sondeo ESdiario: Sánchez frena su caída a costa del desgaste de las comunidades","https://www.esdiario.com/510321687/Sondeo-ESdiario-Sanchez-frena-su-caida-a-costa-del-desgaste-de-las-comunidades.html"
"114","ElectoPanel/Electomanía","ElectoPanel","Electomanía",1632,"16–19 Sep 2020",2020-09-19,2023-12-10,1177,"",7.2,27.3,20.1,16.6,11.1,8.7,3.4,2.2,2.6,1.5,1.2,0.7,0.5,0.7,0.4,0.2,"ElectoPanel (20S): escenario estable, con el PSOE manteniendo el 27% y el PP a punto de perder el 20","https://electomania.es/ep20s20/"
"115","NC Report/La Razón","NC Report","La Razón",1000,"15–19 Sep 2020",2020-09-19,2023-12-10,1177,"62.4",2.7,26.8,24.1,15.2,11.3,6.3,3.4,2.4,2.6,1.5,1.2,NA,NA,NA,0.4,NA,"Encuesta NC Report: La coalición se deja 13 escaños","https://www.larazon.es/espana/20200921/osw3ayszybesjottjov3lq2h54.html"
"116","KeyData/Público","KeyData","Público",NA,"18 Sep 2020",2020-09-18,2023-12-10,1178,"67.2",4.9,27.7,22.8,14.7,11.4,7.7,3.6,1.9,2.3,1.6,1.2,0.9,0.5,NA,NA,NA,"El Gobierno de coalición resiste en las encuestas casi un año después de las elecciones y pese a la covid-19","https://www.publico.es/politica/encuestas-electorales-gobierno-coalicion-resiste-encuestas-ano-despues-elecciones-pese-covid-19.html"
"117","Metroscopia","Metroscopia",NA,NA,"17 Sep 2020",2020-09-17,2023-12-10,1179,"59",7.3,28.3,21,17.5,10.2,5.7,2.7,NA,NA,NA,NA,NA,NA,NA,0.4,NA,"Tiempos revueltos, tiempos propicios para Vox","https://cincodias.elpais.com/cincodias/2020/09/24/opinion/1600954147_716480.html"
"118","Invymark/laSexta","Invymark","laSexta",NA,"7–11 Sep 2020",2020-09-11,2023-12-10,1185,"",6.2,28.6,22.4,14.5,11.3,7.3,NA,NA,NA,NA,NA,NA,NA,NA,NA,NA,"Barómetro laSexta: un 60% de los encuestados prefiere a Ciudadanos antes que a los partidos independentistas para pactar los Presupuestos","https://www.lasexta.com/noticias/nacional/barometro-lasexta-un-60-de-los-encuestados-prefiere-a-ciudadanos-antes-que-a-los-partidos-independentistas-para-pactar-los-presupuestos_202009135f5e0e35653ee200019a7e07.html"
"119","ElectoPanel/Electomanía","ElectoPanel","Electomanía",1227,"7–11 Sep 2020",2020-09-11,2023-12-10,1185,"",6.7,27,20.3,16.6,11.1,8.6,3.4,2.2,2.7,1.3,1.2,0.7,0.5,0.6,0.4,0.2,"ElectoPanel (13S): bajan PP y PSOE, suben UP y Cs. Vox se sigue acercando al PP","https://electomania.es/avanceep13s20/"
"120","Simple Lógica","Simple Lógica",NA,1065,"1–11 Sep 2020",2020-09-11,2023-12-10,1185,"63.4",6,28.1,22.1,15.8,12.3,6.1,NA,NA,NA,NA,NA,NA,NA,NA,NA,NA,"Intención de voto y valoración de líderes políticos (septiembre 2020)","https://www.simplelogica.com/es/intencion-de-voto-y-valoracion-de-lideres-politicos-septiembre-2020/"
"121","CIS","CIS",NA,2904,"1–7 Sep 2020",2020-09-07,2023-12-10,1189,"",13.4,31.5,18.1,11.7,12.2,10.6,2.8,1.5,1.7,1.2,0.8,0.6,0.6,0.8,0.5,0.2,"Barómetro de septiembre 2020 (Estudio nº 3292. Septiembre 2020)","http://datos.cis.es/pdf/Es3292marMT_A.pdf"
"122","Sigma Dos/Antena 3","Sigma Dos","Antena 3",NA,"6 Sep 2020",2020-09-06,2023-12-10,1190,"",3.6,28.9,25.3,13.5,12.1,6.2,3.3,0.9,1.6,1.9,NA,NA,NA,NA,NA,NA,"Barómetro: PP y PSOE suben en intención de voto con los populares recortando distancia, mientras el resto de formaciones pierden apoyo","https://www.antena3.com/noticias/espana/barometro-psoe-suben-intencion-voto-populares-recortando-distancia-mientras-resto-formaciones-pierden-apoyo_202009065f54da034ac60a0001157c29.html"
"123","ElectoPanel/Electomanía","ElectoPanel","Electomanía",1240,"30 Aug–3 Sep 2020",2020-09-03,2023-12-10,1193,"",6.7,27.5,20.8,16.4,10.6,8.2,3.4,2.3,2.7,1.4,1.2,0.7,0.5,0.7,0.4,0.2,"ElectoPanel (6S): caída de UP, que vuelve al 10%. Vox sube y roza el 16,5% y los 60 escaños","https://electomania.es/ep6s20/"
"124","SocioMétrica/El Español","SocioMétrica","El Español",1620,"28–30 Aug 2020",2020-08-30,2023-12-10,1197,"",3.2,27.3,24.1,14.3,9.6,8.7,3.4,2.3,2.7,1.7,1.3,0.8,0.6,0.6,0.4,0.2,"Podemos cae al 9,6%, su intención de voto más baja desde que en 2015 llegó al Congreso de los Diputados","https://www.elespanol.com/espana/politica/20200831/podemos-intencion-voto-baja-llego-congreso-diputados/516948831_0.html"
"125","NC Report/La Razón","NC Report","La Razón",1000,"25–29 Aug 2020",2020-08-29,2023-12-10,1198,"62.1",2.2,26.9,24.7,15,10.7,5.7,3.5,2.4,2.5,1.5,1.3,NA,NA,NA,NA,NA,"Encuesta electoral: La moción de Vox da aire a Sánchez","https://www.larazon.es/espana/20200831/2plhyftsyjbltbdokw44jnf66a.html"
"126","ElectoPanel/Electomanía","ElectoPanel","Electomanía",1430,"23–27 Aug 2020",2020-08-27,2023-12-10,1200,"",6,27.4,21.4,15.8,11.5,7.5,3.5,2.1,2.7,1.4,1.2,0.7,0.5,0.7,0.4,0.2,"ElectoPanel (30ago): nueva subida de Vox, que roza el 16% y los 60 escaños. Baja el PP","https://electomania.es/ep30a20/"
"127","SW Demoscopia","SW Demoscopia",NA,1001,"19–21 Aug 2020",2020-08-21,2023-12-10,1206,"",8.5,28.7,20.2,15.9,11.4,9.5,3.6,1.2,2.5,1.5,1.3,NA,NA,NA,NA,NA,"Barómetro agosto SW","http://swdemoscopia.com/2020/08/21/barometro-agosto-sw/"
"128","ElectoPanel/Electomanía","ElectoPanel","Electomanía",1520,"18–21 Aug 2020",2020-08-21,2023-12-10,1206,"",5.1,27.2,22.1,15.3,11.2,7.4,3.5,2.1,2.8,1.3,1.2,0.7,0.5,0.7,0.4,0.2,"ElectoPanel (21ago): Vox rompe la barrera del 15% y los 50 escaños tras la destitución de Cayetana Á. de Toledo","https://electomania.es/ep21a20/"
"129","ElectoPanel/Electomanía","ElectoPanel","Electomanía",1802,"10–13 Aug 2020",2020-08-13,2023-12-10,1214,"",3.8,26.7,22.9,14.7,11.5,7.2,3.6,2.1,2.9,1.3,1.3,0.7,0.5,0.7,0.4,0.2,"ElectoPanel (16ago): UP se mantiene, baja Cs y sube Vox, que roza el 15%","https://electomania.es/ep16a2020/"
"130","Simple Lógica","Simple Lógica",NA,1046,"3–6 Aug 2020",2020-08-06,2023-12-10,1221,"65.1",6.3,29.2,22.9,13.5,11.4,6.3,NA,NA,NA,NA,NA,NA,NA,NA,NA,NA,"Intención de voto y valoración de líderes políticos (agosto 2020)","https://www.simplelogica.com/es/intencion-de-voto-y-valoracion-de-lideres-politicos-agosto-2020/"
"131","ElectoPanel/Electomanía","ElectoPanel","Electomanía",2150,"3–6 Aug 2020",2020-08-06,2023-12-10,1221,"",3.8,26.8,23,14.1,11.6,7.7,3.8,2.1,3,1.3,1.3,0.6,0.5,0.7,0.4,0.2,"ElectoPanel (9Ag): empate perfecto entre derecha e izquierda","https://electomania.es/ep9a20/"
"132","ElectoPanel/Electomanía","ElectoPanel","Electomanía",1530,"3–4 Aug 2020",2020-08-04,2023-12-10,1223,"",4.4,27.5,23.1,14.1,10.6,7.9,3.7,2.1,2.8,1.4,1.3,0.6,0.5,0.7,0.4,0.2,"ElectoPanel (4Ago): crece UP, suben los partidos republicanos, baja el PSOE y la derecha gana escaños","https://electomania.es/epvoto4ago20/"
"133","Celeste-Tel/eldiario.es","Celeste-Tel","eldiario.es",1100,"27–31 Jul 2020",2020-07-31,2023-12-10,1227,"64.1",4.3,28.7,24.4,14.6,11.9,5.3,3.5,2.2,2.2,1.6,1.2,1,0.6,0.9,0.4,0.2,"El PSOE y el PP capitalizan la gestión de la pandemia y mejoran sus resultados del 10N","https://www.eldiario.es/politica/mejora-psoe-capitaliza-gestion-pandemia-resultados-10n-pp-alza_1_6156405.html"
"134","ElectoPanel/Electomanía","ElectoPanel","Electomanía",1700,"25–31 Jul 2020",2020-07-31,2023-12-10,1227,"",5.9,28.9,23,14.2,10,7.7,3.7,1.9,2.4,1.4,1.3,0.6,0.5,0.7,0.4,0.2,"ElectoPanel (2ago): ligera recuperación del PP. UP en el 10%, leve descenso de PSOE y Cs","https://electomania.es/ep2a20/"
"135","Metroscopia","Metroscopia",NA,NA,"26 Jul 2020",2020-07-26,2023-12-10,1232,"",4.9,29.7,24.8,13,10.7,5.3,NA,NA,NA,NA,NA,NA,NA,NA,NA,NA,"Tiempos revueltos, tiempos propicios para Vox","https://cincodias.elpais.com/cincodias/2020/09/24/opinion/1600954147_716480.html"
"136","Invymark/laSexta","Invymark","laSexta",NA,"20–24 Jul 2020",2020-07-24,2023-12-10,1234,"",7.7,29.1,21.4,14,11.9,7.9,NA,NA,NA,NA,NA,NA,NA,NA,NA,NA,"Barómetro de laSexta: el PSOE volvería a ganar las elecciones y Vox se consolidaría como tercera fuerza","https://www.lasexta.com/noticias/nacional/barometro-de-lasexta-el-psoe-volveria-a-ganar-las-elecciones-con-el-29-de-apoyos-y-vox-se-consolidaria-como-tercera-fuerza_202007265f1da8d3f5f4b20001d960b9.html"
"137","ElectoPanel/Electomanía","ElectoPanel","Electomanía",1500,"20–24 Jul 2020",2020-07-24,2023-12-10,1234,"",6.4,29.1,22.7,14.1,9.9,7.9,3.8,2,2.4,1.4,1.3,0.6,0.5,0.7,0.4,0.2,"ElectoPanel (26J): el PSOE se dispara y roza el 30%. Bajan PP y Vox. UP en unidígito y a 2 puntos y 8 escaños de un sorpasso de Cs","https://electomania.es/ep26jul20/"
"138","CIS","CIS",NA,2926,"9–19 Jul 2020",2020-07-19,2023-12-10,1239,"",13,32.4,19.4,12.3,12.6,8.7,2.8,1.6,1.3,1,1,0.5,0.5,0.8,0.4,0.3,"Opinión pública y política fiscal (XXXVII) (Estudio nº 3290. Julio 2020)","http://datos.cis.es/pdf/Es3290marMT_A.pdf"
"139","NC Report/La Razón","NC Report","La Razón",1000,"14–18 Jul 2020",2020-07-18,2023-12-10,1240,"62.2",1.2,26.4,25.2,14.9,10.7,5.5,3.6,2.1,2.4,1.6,1.3,NA,NA,NA,0.4,NA,"Iglesias se hunde también en las generales y solo sube el PP","https://www.larazon.es/espana/20200720/fck5wsy4mjfe7otj4dbjlqps74.html"
"140","KeyData/Público","KeyData","Público",NA,"17 Jul 2020",2020-07-17,2023-12-10,1241,"68.0",4,27.7,23.7,12.9,12.4,7.2,3.6,1.9,2.3,1.7,1.2,0.9,0.5,NA,NA,NA,"Sondeos: el PSOE superaría la pandemia casi intacto y sacaría 18 escaños al PP si se celebraran elecciones generales","https://www.publico.es/politica/sondeos-psoe-superaria-pandemia-intacto-sacaria-18-escanos-pp-celebraran-elecciones-generales.html"
"141","ElectoPanel/Electomanía","ElectoPanel","Electomanía",1500,"12–17 Jul 2020",2020-07-17,2023-12-10,1241,"",4.1,27.5,23.4,14.5,10.3,7.5,3.6,2.1,2.7,1.4,1.3,0.7,0.5,0.7,0.4,0.2,"ElectoPanel (18Jul): el 12J cambia el escenario. El PSOE recupera registro de hace meses. Sube el PP, baja Vox. Caen Cs y UP, que roza el unidígito","https://electomania.es/ep18jul20/"
"142","GAD3/ABC","GAD3","ABC",2300,"6–14 Jul 2020",2020-07-14,2023-12-10,1244,"",1.5,29.1,27.6,11.2,10.1,5.2,NA,1.8,NA,NA,NA,NA,NA,NA,NA,NA,"El PP de Casado ya es primera fuerza al superar al PSOE en cuatro escaños","https://www.abc.es/espana/abci-pp-casado-primera-fuerza-superar-psoe-cuatro-escanos-202007142244_noticia.html"
"143","ElectoPanel/Electomanía","ElectoPanel","Electomanía",3700,"3–10 Jul 2020",2020-07-10,2023-12-10,1248,"",3.7,26.6,22.9,15,11.2,8.6,3.7,1.9,2.8,1.4,1.2,0.7,0.5,0.5,0.3,0.2,"ElectoPanel generales (11Jul): caída de UP, bajada del PP y subida de Vox y PSOE","https://electomania.es/ep11jul20/"
"144","IMOP/CIS","IMOP","CIS",3032,"1–9 Jul 2020",2020-07-09,2023-12-10,1249,"",10.9,32.1,21.2,11.6,12.1,8.8,2.7,0.9,1.5,1.3,0.8,0.6,0.4,0.7,0.4,0.1,"Barómetro especial de julio 2020 (Estudio nº 3288. Julio 2020)","http://datos.cis.es/pdf/Es3288marMT_A.pdf"
"145","Simple Lógica","Simple Lógica",NA,1035,"1–8 Jul 2020",2020-07-08,2023-12-10,1250,"64.1",7.3,29.1,21.8,15,12.5,6.4,NA,NA,NA,NA,NA,NA,NA,NA,NA,NA,"Intención de voto y valoración de líderes políticos (julio 2020)","https://www.simplelogica.com/es/intencion-de-voto-y-valoracion-de-lideres-politicos-julio-2020/"
"146","ElectoPanel/Electomanía","ElectoPanel","Electomanía",3100,"29 Jun–2 Jul 2020",2020-07-02,2023-12-10,1256,"",2.8,26.3,23.5,14.6,11.9,8.5,3.5,1.9,2.6,1.3,1.2,0.8,0.5,0.5,0.4,0.2,"ElectoPanel (4Jul): retroceso del PP que da ventaja a la izquierda. Suben UP, Vox y Cs, que alcanza el 8,5%","https://electomania.es/ep4jul20/"
"147","DYM/Henneo","DYM","Henneo",1000,"24–27 Jun 2020",2020-06-27,2023-12-10,1261,"",3.6,26,22.4,15.1,11.3,8.3,NA,NA,NA,NA,NA,NA,NA,NA,NA,NA,"PSOE y PP recuperan voto, Cs y Vox tienen leves caídas y UP se mantiene","https://www.heraldo.es/noticias/nacional/2020/07/02/encuesta-henneo-psoe-y-pp-recuperan-voto-cs-y-vox-tienen-leves-caidas-y-up-se-mantiene-1383695.html"
"148","GESOP","GESOP",NA,750,"22–26 Jun 2020",2020-06-26,2023-12-10,1262,"",5,28.5,23.5,13,13.5,6,3,NA,2,NA,NA,NA,NA,NA,NA,NA,"¿Cómo se vive la nueva normalidad?","https://gesop.net/es/2020/07/02/como-se-vive-la-nueva-normalidad/"
"149","Invymark/laSexta","Invymark","laSexta",NA,"22–26 Jun 2020",2020-06-26,2023-12-10,1262,"",6.8,27.8,21,14.1,12.8,8.7,NA,NA,NA,NA,NA,NA,NA,NA,NA,NA,"Barómetro laSexta. El 74,5% de los encuestados apoya un pacto entre PP y Gobierno para la reconstrucción económica","https://www.lasexta.com/noticias/nacional/barometro-lasexta-el-745-de-los-encuestados-apoya-un-pacto-entre-pp-y-gobierno-para-la-reconstruccion-economica_202006285ef893f679400600019940c3.html"
"150","ElectoPanel/Electomanía","ElectoPanel","Electomanía",3220,"22–26 Jun 2020",2020-06-26,2023-12-10,1262,"",2.1,26.3,24.2,14.2,11.7,8,3.5,2,2.6,1.3,1.2,0.8,0.5,0.5,0.4,0.2,"ElectoPanel Generales (27J): el PSOE se comienza a distanciar del PP y deja a la derecha casi sin opciones","https://electomania.es/ep27j20/"
"151","Demoscopia y Servicios/ESdiario","Demoscopia y Servicios","ESdiario",1000,"17–19 Jun 2020",2020-06-19,2023-12-10,1269,"",0.8,25,24.2,15.1,13.7,6.2,3.1,1.5,2.8,1.5,1.4,1,0.4,0.6,0.4,0.3,"Sondeo: Casado vence a Sánchez y recoge los frutos de su errática gestión","https://www.esdiario.com/823279096/Sondeo-Casado-vence-a-Sanchez-y-recoge-los-frutos-de-su-erratica-gestion.html"
"152","ElectoPanel/Electomanía","ElectoPanel","Electomanía",3530,"13–19 Jun 2020",2020-06-19,2023-12-10,1269,"",0.9,25.5,24.6,14.2,11.8,8.2,3.6,1.9,2.6,1.3,1.2,0.8,0.5,0.5,0.4,0.2,"ElectoPanel (20J): ligera bajada del PSOE, ligera subida de Cs","https://electomania.es/ep20j20/"
"153","Sigma Dos/El Mundo","Sigma Dos","El Mundo",1000,"15–17 Jun 2020",2020-06-17,2023-12-10,1271,"",2.7,28.7,26,11.7,12,8.3,3.1,1.2,2,1.9,NA,NA,NA,NA,NA,NA,"El PP se pone a menos de tres puntos del PSOE y Vox sufre un fuerte varapalo","https://www.elmundo.es/espana/2020/06/22/5eef897dfdddff96438b45ee.html"
"154","NC Report/La Razón","NC Report","La Razón",1000,"9–13 Jun 2020",2020-06-13,2023-12-10,1275,"61.7",0.9,26,25.1,14.8,12.1,5.6,3.7,1.9,2.4,1.6,1.3,1,0.5,0.5,0.4,0.3,"Casado se queda a 200.000 votos de Sánchez y el giro al centro penaliza a Cs","https://www.larazon.es/espana/20200615/t5c27hi27zaozbanrwgdfeflni.html"
"155","ElectoPanel/Electomanía","ElectoPanel","Electomanía",2000,"6–12 Jun 2020",2020-06-12,2023-12-10,1276,"",1.2,25.9,24.7,14.1,11.7,7.9,3.6,2,2.6,1.3,1.2,0.8,0.5,0.5,0.4,0.2,"ElectoPanel (13J): ligera recuperación del PSOE, que recupera la ventaja de 1p con el PP y le empata en escaños","https://electomania.es/ep13j20/"
"156","IMOP/CIS","IMOP","CIS",4258,"1–9 Jun 2020",2020-06-09,2023-12-10,1279,"",11.2,31.2,20,12.5,11.4,9.4,2.6,1.3,1.2,1.4,0.9,0.7,0.4,0.6,0.3,0.1,"Barómetro especial de junio 2020 (Estudio nº 3283. Junio 2020)","http://datos.cis.es/pdf/Es3283marMT_A.pdf"
"157","Simple Lógica","Simple Lógica",NA,1012,"1–5 Jun 2020",2020-06-05,2023-12-10,1283,"62.7",8.2,29.9,21.7,15.1,12,7.6,NA,NA,NA,NA,NA,NA,NA,NA,NA,NA,"Intención de voto y valoración de líderes políticos (junio 2020)","https://www.simplelogica.com/es/intencion-de-voto-y-valoracion-de-lideres-politicos-junio-2020/"
"158","Celeste-Tel/eldiario.es","Celeste-Tel","eldiario.es",1100,"1–5 Jun 2020",2020-06-05,2023-12-10,1283,"61.9",3.9,27,23.1,15.2,12.3,6.7,3.8,1.8,2.4,1.6,1.2,0.9,0.5,0.5,0.4,0.3,"El PP alcanza los 100 escaños y sumaría con Vox más diputados que PSOE y Unidas Podemos juntos","https://www.eldiario.es/politica/PP-Ciudadanos-PSOE-Unidas-Podemos_0_1036596907.html"
"159","GAD3/ABC","GAD3","ABC",3104,"18 May–5 Jun 2020",2020-06-05,2023-12-10,1283,"",2.9,28.3,25.4,11.2,10.5,7.6,NA,1.6,NA,NA,NA,NA,NA,NA,NA,NA,"El centro-derecha supera a la izquierda por nueve escaños y 4,2 puntos de voto","https://www.abc.es/espana/abci-centro-derecha-supera-izquierda-nueve-escanos-y-42-puntos-voto-202006072047_noticia.html"
"160","ElectoPanel/Electomanía","ElectoPanel","Electomanía",1400,"2–3 Jun 2020",2020-06-03,2023-12-10,1285,"",0.5,25.6,25.1,14,11.7,7.8,3.6,1.9,2.6,1.3,1.2,0.8,0.5,0.5,0.4,0.2,"ElectoPanel (6J): retroceso del bipartidismo que aprovechan más Vox y Cs que UP","https://electomania.es/ep6j20/"
"161","ElectoPanel/Electomanía","ElectoPanel","Electomanía",2200,"29–31 May 2020",2020-05-31,2023-12-10,1288,"",0.6,26.2,25.6,13.8,11.5,7.2,3.6,1.8,2.7,1.2,1.2,0.8,0.5,0.5,0.4,0.2,"ElectoPanel (31My): el PP a punto del sorpasso en votos al PSOE","https://electomania.es/ep31my20/"
"162","SocioMétrica/El Español","SocioMétrica","El Español",1872,"27–29 May 2020",2020-05-29,2023-12-10,1290,"",2.5,26.9,24.4,14.6,10.9,7.9,3.6,1.4,2.3,1.6,1,0.7,0.6,NA,0.4,0.3,"La suma de PP, Vox y Cs, al borde por primera vez de la mayoría absoluta","https://www.elespanol.com/espana/politica/20200531/pp-vox-cs-borde-primera-mayoria-absoluta/493951119_0.html"
"163","Invymark/laSexta","Invymark","laSexta",NA,"25–29 May 2020",2020-05-29,2023-12-10,1290,"",6.9,26.9,20,15.5,13.2,8.6,NA,NA,NA,NA,NA,NA,NA,NA,NA,NA,"Barómetro laSexta. El PSOE conseguiría el 26,9% del voto ya decidido","https://www.lasexta.com/noticias/nacional/barometro-lasexta-el-psoe-conseguiria-el-269-del-voto-ya-decidido_202005315ed3ac3f4792350001fc65a2.html"
"164","DYM/Henneo","DYM","Henneo",1041,"21–24 May 2020",2020-05-24,2023-12-10,1295,"",3.1,25.1,22,15.8,11.3,9,NA,NA,NA,NA,NA,NA,NA,NA,NA,NA,"La oposición acorta distancias con la coalición en la crisis del coronavirus","https://www.20minutos.es/noticia/4271071/0/encuesta-dym-intencion-voto-psoe-pp-coronavirus/"
"165","ElectoPanel/Electomanía","ElectoPanel","Electomanía",4500,"18–23 May 2020",2020-05-23,2023-12-10,1296,"",1,26.4,25.4,13.9,11.5,7.2,3.4,1.9,2.7,1.4,1.1,0.8,0.5,0.5,0.4,0.2,"ElectoPanel Generales (24My): ligera recuperación de la izquierda que acerca más los bloques","https://electomania.es/ep24my20/"
"166","KeyData/Público","KeyData","Público",NA,"17 May 2020",2020-05-17,2023-12-10,1302,"65.3",4.5,27.8,23.3,14.1,12.1,6.8,3.5,1.6,2.2,1.6,1.1,1,0.5,NA,NA,NA,"Sondeos: El PP saca rédito de la pandemia y alcanzaría los 100 escaños, arañándole votos a Vox","https://www.publico.es/politica/sondeos-pp-saca-redito-pandemia-alcanzaria-100-escanos-aranandole-votos-vox.html"
"167","Sigma Dos/Antena 3","Sigma Dos","Antena 3",NA,"17 May 2020",2020-05-17,2023-12-10,1302,"",3.3,29.7,26.4,11.8,11.4,6,3.6,1,1.9,1.9,NA,NA,NA,NA,NA,NA,"Barómetro: PP y PSOE suben en intención de voto con los populares recortando distancia, mientras bajan Podemos y Vox durante la crisis del coronavirus","https://www.antena3.com/noticias/espana/barometro-psoe-suben-intencion-voto-populares-recortando-distancia-mientras-bajan-podemos-vox-crisis-coronavirus_202005175ec13229ee59440001c35116.html"
"168","NC Report/La Razón","NC Report","La Razón",1000,"12–16 May 2020",2020-05-16,2023-12-10,1303,"62.1",1.1,26,24.9,14.6,12.5,5.2,3.6,NA,2.6,1.7,1.2,NA,NA,NA,NA,NA,"Castigo al Gobierno: Casado alcanza a Sánchez","https://www.larazon.es/espana/20200518/53t7cmdsavfgtfsepscbzbgs6m.html"
"169","Hamalgama Métrica/OKDiario","Hamalgama Métrica","OKDiario",1000,"12–15 May 2020",2020-05-15,2023-12-10,1304,"",0.7,26.1,25.4,15.3,11.6,4,3.7,1.5,2.4,1.6,1.2,NA,NA,NA,0.4,NA,"Casado ganaría hoy las elecciones, el PSOE perdería 10 escaños y el giro de Arrimadas hundiría a Cs","https://okdiario.com/espana/casado-ganaria-hoy-elecciones-psoe-pierde-10-escanos-giro-arrimadas-hunde-cs-5619863"
"170","GESOP/El Periódico","GESOP","El Periódico",750,"11–15 May 2020",2020-05-15,2023-12-10,1304,"",4.7,27.5,22.8,14,11.3,6.5,3.4,NA,2.1,1.8,1.2,NA,NA,NA,NA,NA,"El miedo al futuro económico no agita el mapa político","https://www.elperiodico.com/es/politica/20200517/encuesta-gesop-miedo-futuro-economico-no-agita-mapa-politico-7965146"
"171","SW Demoscopia/Grupo Viva","SW Demoscopia","Grupo Viva",2000,"8–15 May 2020",2020-05-15,2023-12-10,1304,"",6.9,28.1,21.2,15.8,11.8,8.9,3.7,1.5,2.4,1.5,0.9,0.8,0.4,NA,0.4,0.2,"El PSOE se mantiene ante un PP que sube pero no rentabiliza la crisis","https://andaluciainformacion.es/?a=899126&i=1"
"172","GIPEyOP","GIPEyOP",NA,8387,"28 Apr–14 May 2020",2020-05-14,2023-12-10,1305,"64.9",6.1,27.3,21.2,15.8,13,5.6,3.8,2.3,1.8,1.5,1.5,1.4,0.7,0.9,0.6,NA,"Informe Preliminar GIPEyOP. Encuesta COVID-19","https://www.uv.es/pavia/Informe_Encuesta_COVID19.pdf"
"173","Metroscopia","Metroscopia",NA,NA,"11–13 May 2020",2020-05-13,2023-12-10,1306,"",4,28,24,13,11,7,NA,NA,NA,NA,NA,NA,NA,NA,NA,NA,"Las polémicas de Díaz Ayuso revientan la estrategia del PP","https://elpais.com/espana/2020-05-13/las-polemicas-de-diaz-ayuso-revientan-la-estrategia-del-pp.html"
"174","ElectoPanel/Electomanía","ElectoPanel","Electomanía",1738,"11–13 May 2020",2020-05-13,2023-12-10,1306,"",0.8,26.1,25.3,14.1,11.4,7.4,3.3,1.8,2.7,1.3,1.2,0.8,0.5,0.6,0.4,0.3,"ElectoPanel (13My): sorpasso del PP al PSOE en escaños. Los diputados del PNV podrían decantar la balanza","https://electomania.es/ep13my20/"
"175","Intercampo/CIS","Intercampo","CIS",3800,"4–13 May 2020",2020-05-13,2023-12-10,1306,"",10.8,31.1,20.3,11.3,11.5,10.5,2.9,1.4,1.2,1.3,0.7,0.7,0.4,0.5,0.3,0.2,"Barómetro especial de mayo 2020 (Estudio nº 3281. Mayo 2020)","http://datos.cis.es/pdf/Es3281marMT_A.pdf"
"176","Demoscopia y Servicios/ESdiario","Demoscopia y Servicios","ESdiario",1200,"7–9 May 2020",2020-05-09,2023-12-10,1310,"",1.2,25.1,23.9,15.2,13.6,6.4,3.2,1.4,2.7,1.5,1.3,1.2,0.4,0.5,0.4,0.3,"Sondeo ESdiario: el desgaste del PSOE coloca al PP a punto del vuelco electoral","https://www.esdiario.com/328998126/Sondeo-ESdiario-el-desgaste-del-PSOE-coloca-al-PP-a-punto-del-vuelco-electoral.html"
"177","SW Demoscopia","SW Demoscopia",NA,1104,"5–8 May 2020",2020-05-08,2023-12-10,1311,"",8.1,28.4,20.3,16.2,12,9,3.5,1.2,2.3,1.5,0.9,0.8,0.4,NA,0.4,0.2,"Barómetro de mayo de SW Demoscopia","http://swdemoscopia.com/2020/05/08/barometro-de-mayo-de-sw-demoscopia/"
"178","Celeste-Tel/eldiario.es","Celeste-Tel","eldiario.es",1100,"4–8 May 2020",2020-05-08,2023-12-10,1311,"62.3",5.2,27.4,22.2,15.6,12.9,6.5,3.7,1.6,2.5,1.6,1.2,0.8,0.4,0.5,0.4,0.3,"La crisis del coronavirus impulsa a Casado: PP y Vox alcanzan en escaños a PSOE y Unidas Podemos","https://www.eldiario.es/politica/PP-escanos-partidos-Gobierno-coronavirus_0_1026447567.html"
"179","Simple Lógica","Simple Lógica",NA,1019,"4–8 May 2020",2020-05-08,2023-12-10,1311,"63.8",9.1,30.8,21.7,11.8,12.2,9.8,NA,NA,NA,NA,NA,NA,NA,NA,NA,NA,"Intención de voto y valoración de líderes políticos (mayo 2020)","https://www.simplelogica.com/es/intencion-de-voto-y-valoracion-de-lideres-politicos-mayo-2020/"
"180","GAD3/ABC","GAD3","ABC",1004,"4–8 May 2020",2020-05-08,2023-12-10,1311,"66",1.6,28.7,27.1,11.7,10.9,5.9,NA,1.4,NA,NA,NA,NA,NA,NA,NA,NA,"El PP sube hasta los 115 escaños y pone en peligro la mayoría del PSOE","https://www.abc.es/espana/abci-pp-sube-hasta-115-escanos-y-pone-peligro-mayoria-psoe-202005102332_noticia.html"
"181","ElectoPanel/Electomanía","ElectoPanel","Electomanía",4753,"2–7 May 2020",2020-05-07,2023-12-10,1312,"",1.4,26.3,24.9,14.1,11.4,7.6,3.3,1.8,2.7,1.3,1.2,0.8,0.5,0.6,0.4,0.3,"ElectoPanel (8My): el bloque de derechas con opciones reales de gobernar","https://electomania.es/epgen8my20"
"182","Sináptica/Público","Sináptica","Público",1001,"28 Apr–4 May 2020",2020-05-04,2023-12-10,1315,"",2.8,25.1,22.3,15.7,13.1,7.5,3.3,2.2,2.6,1.2,1.6,1.3,NA,NA,NA,NA,"Sondeo. La pandemia 'quema' al PSOE y aúpa al PP, pero Unidas Podemos resiste","https://www.publico.es/politica/sondeo-pandemia-quema-psoe-aupa-pp-unidas-resiste.html"
"183","Invymark/laSexta","Invymark","laSexta",NA,"27 Apr–1 May 2020",2020-05-01,2023-12-10,1318,"",7.5,27.9,20.4,17,12.3,6.9,NA,NA,NA,NA,NA,NA,NA,NA,NA,NA,"Barómetro laSexta: los sanitarios, los más valorados durante la crisis del coronavirus y la monarquía suspende","https://www.lasexta.com/noticias/nacional/barometro-lasexta-sanitarios-mas-valorados-crisis-coronavirus-monarquia-suspende_202005045eaff0a980205c0001ff6619.html"
"184","NC Report/La Razón","NC Report","La Razón",1000,"27–30 Apr 2020",2020-04-30,2023-12-10,1319,"62.5",3.1,26.3,23.2,15.4,13,6.2,3.5,1.7,2.7,1.6,1.1,0.9,0.5,0.5,0.4,0.3,"Encuesta NC Report: Sánchez pierde casi 800.000 votos en la crisis del Covid-19","https://www.larazon.es/espana/20200504/aepsm5clbrgchia5knctxzv2bm.html"
"185","ElectoPanel/Electomanía","ElectoPanel","Electomanía",1480,"26–29 Apr 2020",2020-04-29,2023-12-10,1320,"",3.6,27.4,23.8,14.2,11.4,7.3,3.4,1.8,2.7,1.4,1.2,0.9,0.5,0.6,0.4,0.3,"ElectoPanel (30A): bajada de la izquierda","https://electomania.es/ep30a20/"
"186","DYM/Henneo","DYM","Henneo",1000,"23–25 Apr 2020",2020-04-25,2023-12-10,1324,"",2.7,25.1,22.4,15.3,12.1,7.8,NA,2.3,NA,NA,NA,NA,NA,NA,NA,NA,"La gestión de la crisis pasa factura al PSOE, apenas desgasta a Unidas Podemos y sube al PP","https://www.20minutos.es/noticia/4241207/0/psoe-desgaste-crisis-pp-podemos-encuesta-coronavirus/"
"187","Metroscopia","Metroscopia",NA,NA,"20–24 Apr 2020",2020-04-24,2023-12-10,1325,"",1.6,26.7,25.1,NA,NA,NA,NA,NA,NA,NA,NA,NA,NA,NA,NA,NA,"Tiempos revueltos, tiempos propicios para Vox","https://cincodias.elpais.com/cincodias/2020/09/24/opinion/1600954147_716480.html"
"188","SocioMétrica/El Español","SocioMétrica","El Español",1200,"21–24 Apr 2020",2020-04-24,2023-12-10,1325,"",2.8,28.2,25.4,14.5,11,7.5,3.2,1.2,2.4,1.5,1,0.7,0.3,0.4,0.3,0.3,"El PP a sólo tres puntos y nueve escaños del PSOE con caídas de Podemos y Vox","https://www.elespanol.com/espana/politica/20200426/pp-puntos-escanos-psoe-caidas-podemos-vox/485202091_0.html"
"189","ElectoPanel/Electomanía","ElectoPanel","Electomanía",1500,"20–22 Apr 2020",2020-04-22,2023-12-10,1327,"",4.6,28.3,23.7,13.8,11.6,7.1,3.6,1.7,2.4,1.3,1.2,0.9,0.5,0.6,0.4,0.3,"ElectoPanel (22A): empate máximo entre bloques. Descenso de Ciudadanos","https://electomania.es/ep22a20/"
"190","KeyData/Público","KeyData","Público",NA,"17 Apr 2020",2020-04-17,2023-12-10,1332,"69.3",5.9,28.2,22.3,14.5,12.4,6.4,3.4,1.9,2,1.5,1,1,0.4,NA,NA,NA,"La pandemia frena a Vox en favor del PP y afianza la mayoría progresista","https://www.publico.es/politica/sondeos-pandemia-frena-vox-favor-pp-afianza-mayoria-progresista.html"
"191","Hamalgama Métrica/OKDiario","Hamalgama Métrica","OKDiario",1000,"14–17 Apr 2020",2020-04-17,2023-12-10,1332,"63.4",4.1,26.8,22.7,15,13.4,5.3,3.6,1.6,2.5,1.6,1.2,NA,NA,NA,NA,NA,"Casado se queda a 10 escaños de un Sánchez que pierde 8 y la derecha le saca ya 11 al Frente Popular","https://okdiario.com/espana/casado-queda-10-escanos-sanchez-que-pierde-8-derecha-saca-ya-11-frente-popular-5482463"
"192","Sigma Dos/El Mundo","Sigma Dos","El Mundo",1000,"13–15 Apr 2020",2020-04-15,2023-12-10,1334,"",6.3,31.7,25.4,11.9,11.5,5.4,3.6,1.3,1.9,1.9,NA,NA,NA,NA,NA,NA,"La crisis del coronavirus refuerza el bipartidismo y castiga a Vox y a Podemos","https://www.elmundo.es/espana/2020/04/19/5e9b7c57fc6c83684b8b45b3.html"
"193","ElectoPanel/Electomanía","ElectoPanel","Electomanía",3500,"8–14 Apr 2020",2020-04-14,2023-12-10,1335,"",4.5,28.1,23.6,13.9,11.5,7.5,3.6,1.8,2.4,1.3,1.1,0.9,0.5,0.6,0.4,0.3,"ElectoPanel (17A): el PSOE recupera terreno. Bajan Cs, UP y Vox","https://electomania.es/ep17a20/"
"194","ElectoPanel/Electomanía","ElectoPanel","Electomanía",2115,"2–7 Apr 2020",2020-04-07,2023-12-10,1342,"",2.4,25.9,23.5,14.3,11.9,8.3,3.7,1.9,2.5,1.4,1.2,0.9,0.6,0.6,0.4,0.3,"ElectoPanel (8A): ligero repunte del bipartidismo. El PSOE recupera algunos escaños","https://electomania.es/ep8a20/"
"195","Simple Lógica","Simple Lógica",NA,1057,"1–7 Apr 2020",2020-04-07,2023-12-10,1342,"64.5",6,28.2,22.2,16,11,5.7,NA,NA,NA,NA,NA,NA,NA,NA,NA,NA,"Intención de voto y valoración de líderes políticos (abril 2020)","https://www.simplelogica.com/es/intencion-de-voto-y-valoracion-de-lideres-politicos-abril-2020/"
"196","Celeste-Tel/eldiario.es","Celeste-Tel","eldiario.es",1100,"1–7 Apr 2020",2020-04-07,2023-12-10,1342,"62.6",7.4,27.9,20.5,16.3,13.7,6.9,3.7,1.7,2.3,1.5,1.2,1,0.5,0.5,0.4,0.3,"Vox roza los 60 diputados, el PSOE se mantiene y Unidas Podemos sube respecto a las elecciones de noviembre","https://www.eldiario.es/politica/Vox-PSOE-Unidas-Podemos-elecciones_0_1016299038.html"
"197","Intercampo/CIS","Intercampo","CIS",3000,"30 Mar–7 Apr 2020",2020-04-07,2023-12-10,1342,"",10.1,31.2,21.1,13,12,7.6,3.3,1.5,1.4,1.2,0.5,0.6,0.4,0.5,0.3,0.2,"Barómetro especial de abril 2020 (Estudio nº 3279. Abril 2020)","http://datos.cis.es/pdf/Es3279mar_A.pdf"
"198","Sigma Dos/Antena 3","Sigma Dos","Antena 3",NA,"25 Mar–1 Apr 2020",2020-04-01,2023-12-10,1348,"",7.9,32.2,24.3,13.8,11,4.4,3.7,1.5,1.9,1.8,NA,NA,NA,NA,NA,NA,"Encuesta: La crisis del coronavirus refuerza el bipartidismo y eleva la intención de voto a PP y PSOE","https://www.antena3.com/noticias/espana/encuesta-crisis-coronavirus-refuerza-bipartidismo-eleva-intencion-voto-psoe_202004075e8c7489b328c6000142df78.html"
"199","SW Demoscopia","SW Demoscopia",NA,1102,"27–31 Mar 2020",2020-03-31,2023-12-10,1349,"",3.9,25.5,21.6,16.9,12.6,5.1,3.8,2.3,2.6,1.7,1.2,0.9,0.6,NA,0.5,0.3,"Barómetro Abril SW Demoscopia","http://swdemoscopia.com/2020/04/01/barometro-abril-sw-demoscopia/"
"200","KeyData/Público","KeyData","Público",NA,"30 Mar 2020",2020-03-30,2023-12-10,1350,"69.3",7.1,27.9,20.8,16,13.6,6.2,3.5,2,2.1,1.6,1,1,0.5,NA,NA,NA,"Antes de la pandemia, Vox seguía en auge y Podemos remontaba, según los sondeos","https://www.publico.es/politica/encuesta-electoral-pandemia-vox-seguia-auge-remontaba-sondeos.html"
"201","ElectoPanel/Electomanía","ElectoPanel","Electomanía",2500,"26–30 Mar 2020",2020-03-30,2023-12-10,1350,"",2,25.2,23.2,14.2,12,8.9,3.8,2,2.6,1.3,1.2,0.9,0.6,0.7,0.4,0.2,"ElectoPanel (en abierto): la derecha supera al bloque de izquierdas en 7p y casi 30 escaños","https://electomania.es/ep30m2020/"
"202","DYM/Henneo","DYM","Henneo",1001,"26–27 Mar 2020",2020-03-27,2023-12-10,1353,"",3.7,26.8,23.1,14.4,11.8,7.2,NA,1.9,NA,NA,NA,NA,NA,NA,NA,NA,"Los votantes censuran al Gobierno y suspenden a todos los líderes políticos","https://www.diariodeleon.es/articulo/afondo/votantes-censuran-gobierno-suspenden-todos-lideres-politicos/202004020132222001108.html"
"203","SyM Consulting/La Nueva Crónica","SyM Consulting","La Nueva Crónica",3104,"23–26 Mar 2020",2020-03-26,2023-12-10,1354,"70.7",6.3,26.2,19.9,15.7,11.8,5.2,4,NA,NA,NA,NA,NA,NA,NA,NA,NA,"El PSOE baja pero ganaría las elecciones","https://www.lanuevacronica.com/el-psoe-baja-pero-ganaria-las-elecciones"
"204","Demoscopia y Servicios/ESdiario","Demoscopia y Servicios","ESdiario",1000,"16–17 Mar 2020",2020-03-17,2023-12-10,1363,"65.2",1.1,24.5,23.4,14.5,13.6,8.3,3,1.3,2.8,1.6,1.2,1.3,0.5,0.5,0.4,0.3,"Sondeo ESdiario: el PSOE se hunde por la tardía reacción de Sánchez al Covid-19","https://www.esdiario.com/92368796/Sondeo-ESdiario-el-PSOE-se-hunde-por-la-tardia-reaccion-de-Sanchez-al-Covid-19.html"
"205","ElectoPanel/Electomanía","ElectoPanel","Electomanía",1200,"12–13 Mar 2020",2020-03-13,2023-12-10,1367,"",3.8,25.5,21.7,15.1,13.4,7.8,3.8,1.8,2.7,1.4,1.2,1,0.5,0.8,0.4,0.3,"ElectoPanel (14M): giro a la derecha en plena crisis del COVID-19","https://electomania.es/ep14m-2020/"
"206","CIS","CIS",NA,3912,"1–13 Mar 2020",2020-03-13,2023-12-10,1367,"",12.3,31.9,19.6,14.8,12.9,7.2,2.4,1.2,1.2,1.5,1.2,0.5,0.4,0.6,0.4,0.1,"Barómetro de marzo 2020 (Estudio nº 3277. Marzo 2020)","http://datos.cis.es/pdf/Es3277marMT_A.pdf"
"207","Simple Lógica","Simple Lógica",NA,1029,"2–6 Mar 2020",2020-03-06,2023-12-10,1374,"67.6",6.8,27.7,20.9,15.1,14.9,7.7,NA,NA,NA,NA,NA,NA,NA,NA,NA,NA,"Intención de voto y valoración de líderes políticos (marzo 2020)","https://www.simplelogica.com/es/intencion-de-voto-y-valoracion-de-lideres-politicos-marzo-2020/"
"208","Invymark/laSexta","Invymark","laSexta",NA,"2–6 Mar 2020",2020-03-06,2023-12-10,1374,"",7.7,28.8,21.1,17.6,13.2,3.3,NA,NA,NA,NA,NA,NA,NA,NA,NA,NA,"Barómetro laSexta. El PSOE ganaría las elecciones generales con el 28,8% de los votos","https://www.lasexta.com/noticias/nacional/barometro-lasexta-el-psoe-ganaria-las-elecciones-generales-con-el-288-de-los-votos_202003075e63ae1e7795c700018e83bb.html"
"209","SocioMétrica/El Español","SocioMétrica","El Español",NA,"5 Mar 2020",2020-03-05,2023-12-10,1375,"",6.9,27.9,21,16.4,12.3,5.6,NA,NA,NA,NA,NA,NA,NA,NA,NA,NA,"Encuesta continua sobre el Covid-19: evolución de la opinión sobre la crisis","https://www.elespanol.com/espana/politica/20200417/encuesta-continua-coronavirus-espanoles-desaprueba-sanchez-psoe/483202529_0.html"
"210","KeyData/Público","KeyData","Público",NA,"5 Mar 2020",2020-03-05,2023-12-10,1375,"71.2",7.1,27.7,20.6,16,13.6,6,3.4,1.9,2.1,1.6,0.9,0.9,0.5,NA,NA,NA,"Tras la coalición, Unidas Podemos revierte su caída en los sondeos y volvería a crecer en votos y escaños","https://www.publico.es/politica/coalicion-unidas-revierte-caida-sondeos-volveria-crecer-votos-escanos.html"
"211","ElectoPanel/Electomanía","ElectoPanel","Electomanía",1250,"1–5 Mar 2020",2020-03-05,2023-12-10,1375,"",7.4,27.7,20.3,17,13.2,5.5,3.7,1.9,2.7,1.4,1.1,0.9,0.5,0.5,0.4,0.3,"ElectoPanel Generales (6M): los bloques vuelven a igualarse","https://electomania.es/electopanel-generales-6m-los-bloques-vuelven-a-igualarse/"
"212","SW Demoscopia","SW Demoscopia",NA,1302,"24–28 Feb 2020",2020-02-28,2023-12-10,1381,"",8.1,27.8,19.7,18.8,13.2,3.9,3.6,2.4,2.3,1.6,1.1,1,0.6,NA,0.4,0.3,"Barómetro Marzo SW Demoscopia","http://swdemoscopia.com/2020/02/29/barometro-marzo-sw-demoscopia/"
"213","ElectoPanel/Electomanía","ElectoPanel","Electomanía",1250,"23–25 Feb 2020",2020-02-25,2023-12-10,1384,"",7.3,27.7,20.4,17,13.3,5.3,3.6,1.8,2.7,1.5,1.1,0.9,0.5,0.5,0.4,0.2,"ElectoPanel Generales (25F): la descomposición de Cs, que perdería el grupo propio, da alas a PP y Vox","https://electomania.es/electopanel-generales-25f-la-descomposicion-de-cs-que-perderia-el-grupo-propio-da-alas-a-pp-y-vox/"
"214","Invymark/laSexta","Invymark","laSexta",NA,"17–21 Feb 2020",2020-02-21,2023-12-10,1388,"",8.1,29.1,21,17,13.4,3.5,NA,NA,NA,NA,NA,NA,NA,NA,NA,NA,"Barómetro laSexta: el PSOE se mantiene como primera fuerza con el 29% del voto","https://www.lasexta.com/noticias/nacional/barometro-lasexta-el-psoe-se-mantiene-como-primera-fuerza-con-el-29-del-voto_202002235e5281750cf2a8ef1789f1bc.html"
"215","NC Report/La Razón","NC Report","La Razón",1000,"6–14 Feb 2020",2020-02-14,2023-12-10,1395,"62.9",4.7,26.9,22.2,16.1,13.2,5.6,3.4,1.7,2.9,1.5,1.1,0.9,0.5,0.5,0.5,0.3,"La coalición de gobierno sólo desgasta al PSOE","https://www.larazon.es/espana/20200217/2p3gexyx6rfuncs6n7t5lbjdui.html"
"216","Simple Lógica","Simple Lógica",NA,1073,"3–11 Feb 2020",2020-02-11,2023-12-10,1398,"67.5",10.9,28.5,17.6,16.1,14,7.9,NA,NA,NA,NA,NA,NA,NA,NA,NA,NA,"Intención de voto y valoración de líderes políticos (febrero 2020)","https://www.simplelogica.com/es/intencion-de-voto-y-valoracion-de-lideres-politicos-febrero-2020/"
"217","CIS","CIS",NA,2957,"1–11 Feb 2020",2020-02-11,2023-12-10,1398,"",12,30.9,18.9,13.4,13.6,8.1,3.3,1.6,1.8,1.3,1.1,1,0.2,0.7,0.3,0.1,"Barómetro de febrero 2020 (Estudio nº 3273. Febrero 2020)","http://datos.cis.es/pdf/Es3273marMT_A.pdf"
"218","Celeste-Tel/eldiario.es","Celeste-Tel","eldiario.es",1100,"3–7 Feb 2020",2020-02-07,2023-12-10,1402,"63.8",7.4,27.6,20.2,16.9,13.5,6.2,3.3,2,2.7,1.5,1.1,1,0.5,0.5,0.4,0.3,"Los partidos del Gobierno mantendrían su peso electoral mientras Vox sigue creciendo a costa del PP","https://www.eldiario.es/politica/Gobierno_0_994950716.html"
"219","ElectoPanel/Electomanía","ElectoPanel","Electomanía",1490,"3–5 Feb 2020",2020-02-05,2023-12-10,1404,"",7.3,27.2,19.9,16.8,13.4,6.1,3.7,1.8,2.7,1.5,1.1,0.9,0.5,0.5,0.4,0.2,"ElectoPanel generales (10F): vuelve el empate entre bloques. ERC sube y saca 1p a JxCat","https://electomania.es/epgen10f"
"220","ElectoPanel/Electomanía","ElectoPanel","Electomanía",1250,"30 Jan–1 Feb 2020",2020-02-01,2023-12-10,1408,"",6.9,26.7,19.8,16.9,13.6,6.8,3.4,1.8,3,1.5,1.1,0.8,0.5,0.5,0.4,0.2,"ElectoPanel (2F): Junts Per Catalunya alcanza el 3% y se acerca al 'sorpasso' a ERC, que baja","https://electomania.es/ep2f2020/"
"221","Invymark/laSexta","Invymark","laSexta",NA,"27–31 Jan 2020",2020-01-31,2023-12-10,1409,"",9.3,29.7,20.4,16.8,13.5,3.9,NA,NA,NA,NA,NA,NA,NA,NA,NA,NA,"Barómetro laSexta: Los socialistas retienen el 29,7% del voto ya decidido","https://www.lasexta.com/noticias/nacional/barometro-lasexta-el-psoe-alcanza-el-297-del-voto-ya-decidido_202002025e36d4f20cf2e7657595d56d.html"
"222","SW Demoscopia","SW Demoscopia",NA,1307,"27–31 Jan 2020",2020-01-31,2023-12-10,1409,"",7.6,27,19.4,18.7,13.7,4.7,3.8,2.2,2.3,1.6,1,1.1,0.6,NA,0.4,0.3,"II Barómetro SW España. Febrero 2020","http://swdemoscopia.com/2020/02/01/ii-barometro-sw-espana-febrero-2020/"
"223","Metroscopia","Metroscopia",NA,4237,"13–29 Jan 2020",2020-01-29,2023-12-10,1411,"",6.3,26.8,20.5,15.3,13.3,6.1,NA,2.7,NA,NA,NA,NA,NA,NA,NA,NA,"El bloque de izquierdas mantiene su fuerza frente a las derechas, pero el PSOE baja","https://www.publico.es/politica/sondeo-metroscopia-bloque-izquierdas-mantiene-fuerza-frente-derechas-psoe-baja.html"
"224","ElectoPanel/Electomanía","ElectoPanel","Electomanía",1250,"21–23 Jan 2020",2020-01-23,2023-12-10,1417,"",6.9,26.3,19.4,17.1,13.7,6.8,3.7,1.8,2.7,1.5,1.2,0.9,0.5,0.5,0.4,0.2,"ElectoPanel 24E: repunte de la derecha en la última semana","https://electomania.es/electopanel-24e-repunte-de-la-derecha-en-la-ultima-semana/"
"225","KeyData/Público","KeyData","Público",NA,"21 Jan 2020",2020-01-21,2023-12-10,1419,"69.0",6.7,27.7,21,15.6,14,5.8,3.4,1.8,2.3,1.6,1.1,0.9,0.6,NA,NA,NA,"Vox se refuerza con el giro ultra de la derecha y Cs se hunde por debajo de JxCat","https://www.publico.es/politica/sondeos-electorales-vox-refuerza-giro-ultra-derecha-cs-hunde-debajo-jxcat.html"
"226","SocioMétrica/El Español","SocioMétrica","El Español",1100,"15–18 Jan 2020",2020-01-18,2023-12-10,1422,"",6.5,27.7,21.2,16.3,12.5,5.5,3.6,2.1,2.2,1.6,1.1,1,0.5,0.5,0.4,0.3,"Vox llega a 60 escaños, el único partido que crece tras el pacto de Gobierno entre PSOE y Podemos","https://www.elespanol.com/espana/politica/20200121/vox-llega-escanos-partido-gobierno-psoe-podemos/461204919_0.html"
"227","Invymark/laSexta","Invymark","laSexta",NA,"13–17 Jan 2020",2020-01-17,2023-12-10,1423,"",10.1,30.3,20.2,16.6,13.6,3.8,NA,NA,NA,NA,NA,NA,NA,NA,NA,NA,"Barómetro laSexta: El PSOE volvería ganar las elecciones ampliando su margen con el PP y Vox ganaría más apoyos","https://www.lasexta.com/noticias/nacional/barometro-lasexta-el-psoe-volveria-ganar-las-elecciones-ampliando-su-margen-con-el-pp-y-vox-ganaria-mas-apoyos_202001195e2459f20cf20f1d1a881bee.html"
"228","NC Report/La Razón","NC Report","La Razón",1000,"7–17 Jan 2020",2020-01-17,2023-12-10,1423,"63.5",4.6,26.7,22.1,16.1,13.4,5.4,3.3,1.8,2.6,1.5,1,1.1,0.5,0.5,0.5,0.3,"El Gobierno progresista alimenta a Vox y a Podemos","https://www.larazon.es/espana/20200120/bubd4n2bwbcvfghbhgqoox53sa.html"
"229","ElectoPanel/Electomanía","ElectoPanel","Electomanía",2500,"13–15 Jan 2020",2020-01-15,2023-12-10,1425,"",7.3,26.4,19.1,16.9,14,7.2,3.7,1.8,2.7,1.5,1.2,0.8,0.5,0.5,0.4,0.2,"ElectoPanel (19e): los bloques siguen igualados, con una ligera recuperación de Ciudadanos","https://electomania.es/electopanel-19e-los-bloques-siguen-igualados-con-una-ligera-recuperacion-de-ciudadanos/"
"230","CIS","CIS",NA,2929,"2–13 Jan 2020",2020-01-13,2023-12-10,1427,"",10.5,30.4,19.9,13.4,13.8,6.5,3.9,1.8,1.4,1.6,1.3,1,0.3,0.5,0.1,NA,"Barómetro de enero 2020 (Estudio nº 3271. Enero 2020)","http://datos.cis.es/pdf/Es3271marMT_A.pdf"
"231","Simple Lógica","Simple Lógica",NA,1097,"7–10 Jan 2020",2020-01-10,2023-12-10,1430,"66.4",6.2,26.5,20.3,14.4,15.5,7.9,NA,NA,NA,NA,NA,NA,NA,NA,NA,NA,"Intención de voto y valoración de líderes políticos (enero 2020)","https://www.simplelogica.com/es/intencion-de-voto-y-valoracion-de-lideres-politicos-enero-2020/"
"232","Invymark/laSexta","Invymark","laSexta",NA,"7–10 Jan 2020",2020-01-10,2023-12-10,1430,"",9.2,29.9,20.7,16.4,13.3,4,NA,1.9,NA,NA,NA,NA,NA,NA,NA,NA,"Barómetro laSexta: El PSOE ganaría las elecciones con más apoyos que el 10N: aglutinaría el 29,9% de los votos","https://www.lasexta.com/noticias/nacional/barometro-lasexta-el-psoe-ganaria-las-elecciones-con-mas-votos-que-el-10n-aglutinaria-el-299-de-los-votos_202001125e1b23eb0cf2b262340a155b.html"
"233","GAD3/ABC","GAD3","ABC",1000,"7–10 Jan 2020",2020-01-10,2023-12-10,1430,"",3.1,26.3,23.2,15,12.4,7.3,NA,1.5,NA,NA,NA,NA,NA,NA,NA,NA,"Las cesiones de Sánchez dejan al PSOE en 109 escaños y al PP en 103","https://www.abc.es/espana/abci-cesiones-sanchez-dejan-psoe-109-escanos-y-pp-103-202001120244_noticia.html"
"234","Celeste-Tel/eldiario.es","Celeste-Tel","eldiario.es",1100,"2–9 Jan 2020",2020-01-09,2023-12-10,1431,"64.1",6.7,27,20.3,16.4,13.9,6.1,3.2,2,2.8,1.4,1.1,1.3,0.5,0.5,0.4,0.3,"Vox aumentaría su presencia en el Congreso en cinco diputados, según una encuesta de Celeste-Tel realizada durante la investidura","https://www.eldiario.es/politica/Vox-incrementaria-Congreso-Celeste-Tel-investidura_0_984452264.html"
"235","ElectoPanel/Electomanía","ElectoPanel","Electomanía",1250,"7–8 Jan 2020",2020-01-08,2023-12-10,1432,"",7.5,26.6,19.1,17.1,14,6.8,3.6,1.8,2.7,1.5,1.2,0.8,0.5,0.5,0.4,0.2,"ElectoPanel (9e): Vox da otro bocado al PP tras la investidura y alcanza el 17%. Teruel Existe, reforzado, roza el 30% en su provincia","https://electomania.es/ep9e2020/"
"236","SW Demoscopia","SW Demoscopia",NA,1304,"30 Dec–2 Jan 2020",2020-01-02,2023-12-10,1438,"",7.4,26.9,19.5,18.6,13.3,4.9,3.7,2.6,2.2,1.6,1.1,1,0.6,NA,0.4,0.3,"Primer Barómetro del año de SW Demoscopia","http://swdemoscopia.com/2020/01/02/primer-barometro-del-a-o-de-sw-demoscopia/"
"237","ElectoPanel/Electomanía","ElectoPanel","Electomanía",1250,"29 Dec–2 Jan 2020",2020-01-02,2023-12-10,1438,"",6.9,26.8,19.9,16.7,14.2,6.6,3.4,1.8,2.6,1.6,1.2,0.9,0.5,0.5,0.4,0.3,"ElectoPanel (3e2020): subida de Vox, que roza los 60 escaños y UP, que roza los 40","https://electomania.es/electopanel-3e2020-subida-de-vox-que-roza-los-60-escanos-y-up-que-roza-los-40/"
"238","ElectoPanel/Electomanía","ElectoPanel","Electomanía",1250,"25–28 Dec 2019",2019-12-28,2023-12-10,1443,"",6.2,26.6,20.4,16.2,13.7,6.8,3.3,1.6,2.6,1.6,1.2,0.8,0.5,0.5,0.4,0.3,"ElectoPanel (29D): sigue el empate entre bloques. Bajan Cs y Vox, suben UP y PP","https://electomania.es/ep29d/"
"239","Sigma Dos/El Mundo","Sigma Dos","El Mundo",1000,"26–27 Dec 2019",2019-12-27,2023-12-10,1444,"",7.4,27.5,20.1,16,15.4,4.8,3.5,2.3,2,1.6,NA,NA,NA,NA,NA,NA,"La polarización dispara a Vox y Unidas Podemos a costa de PP y PSOE","https://www.elmundo.es/espana/2020/01/02/5e0cde3dfdddffaa548b459f.html"
"240","KeyData/Público","KeyData","Público",NA,"23 Dec 2019",2019-12-23,2023-12-10,1448,"74.3",6,26.4,20.4,15,12.8,6,3.4,1.8,1.9,1.5,1.1,NA,0.5,NA,NA,NA,"El pacto Sánchez-Iglesias no penalizaría a la izquierda en unas nuevas elecciones","https://www.publico.es/politica/encuestas-electorales-pacto-sanchez-iglesias-no-penalizaria-izquierda-nuevas-elecciones.html"
"241","SocioMétrica/El Español","SocioMétrica","El Español",2160,"20–21 Dec 2019",2019-12-21,2023-12-10,1450,"",5.6,27.2,21.6,16.2,12.6,5.8,3.8,2,2.6,1.8,1.1,0.9,0.6,0.5,0.3,0.3,"Vox superaría el 16% y rozaría los 60 escaños si se celebrasen unas terceras elecciones","https://www.elespanol.com/espana/politica/20191223/vox-superaria-rozaria-escanos-celebrasen-terceras-elecciones/453955181_0.html"
"242","ElectoPanel/Electomanía","ElectoPanel","Electomanía",1250,"17–19 Dec 2019",2019-12-19,2023-12-10,1452,"",6.6,26.7,20.1,16.6,13.4,7.3,3.3,1.9,2.6,1.6,1.2,0.8,0.5,0.5,0.4,0.3,"ElectoPanel (19D): vuelve el empate entre bloques. Teruel Existe continúa siendo primera fuerza en su provincia","https://electomania.es/electopanel-19d-vuelve-el-empate-entre-bloques-teruel-existe-continua-siendo-primera-fuerza-en-su-provincia/"
"243","CIS","CIS",NA,4800,"29 Nov–19 Dec 2019",2019-12-19,2023-12-10,1452,"",8.3,28.3,20,15.2,12.8,5.6,3.6,2.3,2.2,1.6,1.1,1,0.5,0.5,0.4,0.3,"Barómetro de diciembre 2019. Postelectoral elecciones generales 2019 (Estudio nº 3269. Noviembre-diciembre 2019)","http://datos.cis.es/pdf/Es3269marMT_A.pdf"
"244","NC Report/La Razón","NC Report","La Razón",1000,"10–13 Dec 2019",2019-12-13,2023-12-10,1458,"64.9",5.5,27.1,21.6,15.6,13.1,5.8,3.5,2,2.3,1.5,1.1,1.1,0.5,0.5,0.5,0.3,"ERC penaliza a Sánchez","https://www.larazon.es/espana/20191215/wesbuuc4dbb5rjcl6levueatvy.html"
"245","Invymark/laSexta","Invymark","laSexta",NA,"9–13 Dec 2019",2019-12-13,2023-12-10,1458,"",7.2,28.8,21.6,16.4,13.7,3.9,NA,1.9,NA,NA,NA,NA,NA,NA,NA,NA,"Barómetro de laSexta: el PSOE volvería a ganar las elecciones generales y Ciudadanos sufriría otra gran caída","https://www.lasexta.com/noticias/nacional/barometro-de-lasexta-el-psoe-volveria-a-ganar-las-elecciones-generales-y-ciudadanos-sufriria-otra-gran-caida_201912155df63b7c0cf22f4755c8171b.html"
"246","ElectoPanel/Electomanía","ElectoPanel","Electomanía",1250,"10–12 Dec 2019",2019-12-12,2023-12-10,1459,"",7,26.6,19.6,16.6,13.7,7.6,3.2,1.8,2.7,1.6,1.1,0.7,0.5,0.5,0.4,0.3,"ElectoPanel (12/12): el bloque de otros partidos, cada vez más grande. ERC adelanta a Junts en su lucha por el dominio catalán","https://electomania.es/ep12dic/"
"247","Simple Lógica","Simple Lógica",NA,1064,"2–12 Dec 2019",2019-12-12,2023-12-10,1459,"64.9",6.5,27,20.5,13.8,16.4,6.4,NA,NA,NA,NA,NA,NA,NA,NA,NA,NA,"Resultado de las Elecciones, intención de voto y valoración de líderes (diciembre 2019)","https://www.simplelogica.com/es/resultado-de-las-elecciones-intencion-de-voto-y-valoracion-de-lideres-diciembre-2019/"
"248","ElectoPanel/Electomanía","ElectoPanel","Electomanía",1250,"3–5 Dec 2019",2019-12-05,2023-12-10,1466,"",7.3,26.8,19.5,16.5,13.8,7.1,3.1,1.7,2.8,1.6,1.1,0.7,0.5,0.5,0.4,0.3,"ElectoPanel (5Dic): empate entre bloques. Sánchez se recupera, Ciudadanos vuelve a bajar","https://electomania.es/ep5dic/"
"249","ElectoPanel/Electomanía","ElectoPanel","Electomanía",1250,"21–27 Nov 2019",2019-11-27,2023-12-10,1474,"",7,26.3,19.3,16.7,13.6,7.7,3.5,2.1,2.5,1.6,1.2,0.9,0.5,0.5,0.4,0.3,"ElectoPanel (28N): Vox a 2,5 puntos del sorpasso al PP. Ciudadanos empata con ERC a escaños","https://electomania.es/ep28n/"
"250","GAD3/ABC","GAD3","ABC",NA,"19–27 Nov 2019",2019-11-27,2023-12-10,1474,"",4.7,27.7,23,14.1,13,6.5,3.4,1.8,2,1.6,1,1,0.5,0.7,0.4,0.2,"El PSOE retrocede tras el 10-N y el PP gana 10 escaños con Vox a la baja","https://www.abc.es/espana/abci-psoe-retrocede-tras-10-n-y-pp-gana-10-escanos-baja-201912010218_noticia.html"
"251","ElectoPanel/Electomanía","ElectoPanel","Electomanía",1250,"13–20 Nov 2019",2019-11-20,2023-12-10,1481,"",6.3,26.4,20.1,16.3,13.6,7.3,3.6,2.1,2.2,1.6,1.1,1,0.5,0.5,0.4,0.3,"ElectoPanel (21N): Vox supera el 16% y roza los 60 escaños. Ligera recuperación de Ciudadanos","https://electomania.es/ep21n/"
"252","ElectoPanel/Electomanía","ElectoPanel","Electomanía",1510,"12 Nov 2019",2019-11-12,2023-12-10,1489,"",6.1,27.5,21.4,15.6,13.7,5.8,3.6,2,2.2,1.6,1.2,1,0.5,0.5,0.4,0.3,"ElectoPanel (14N): Ciudadanos, desplomado, lucharía por mantener representación en el Congreso (y por el grupo propio)","https://electomania.es/ep14n/"
